=== responses log started: C:\Users\Administrator\Documents\GitHub\defect-detector-v3\analisSurface\backend\logs\2026-09-09_21-28-11\responses.log ===
2026-09-09T21:28:30.933 POST /upload-ref-shm status=200 duration_ms=106.2
Headers: {"content-type": "application/json"}
Body: {"message": "Reference uploaded from shared memory", "product_type": "bench-lan5#cam=0"}
2026-09-09T21:28:30.937 GET /fp-zones/bench-lan5 status=200 duration_ms=1.5
Headers: {"content-type": "application/json"}
Body: {"product_type": "bench-lan5#cam=0", "zones": []}
2026-09-09T21:28:30.992 POST /upload-ref-shm status=200 duration_ms=25.2
Headers: {"content-type": "application/json"}
Body: {"message": "Reference uploaded from shared memory", "product_type": "bench-lan5#cam=0"}
2026-09-09T21:28:31.048 POST /upload-ref-shm status=200 duration_ms=23.7
Headers: {"content-type": "application/json"}
Body: {"message": "Reference uploaded from shared memory", "product_type": "bench-lan5#cam=1"}
2026-09-09T21:28:31.093 POST /upload-ref-shm status=200 duration_ms=19.9
Headers: {"content-type": "application/json"}
Body: {"message": "Reference uploaded from shared memory", "product_type": "bench-lan5#cam=2"}
2026-09-09T21:28:31.142 POST /upload-ref-shm status=200 duration_ms=22.3
Headers: {"content-type": "application/json"}
Body: {"message": "Reference uploaded from shared memory", "product_type": "bench-lan5#cam=3"}
2026-09-09T21:28:31.187 POST /upload-ref-shm status=200 duration_ms=20.0
Headers: {"content-type": "application/json"}
Body: {"message": "Reference uploaded from shared memory", "product_type": "bench-lan5#cam=4"}
2026-09-09T21:28:34.857 POST /upload-ref-shm status=200 duration_ms=22.1
Headers: {"content-type": "application/json"}
Body: {"message": "Reference uploaded from shared memory", "product_type": "bench-lan6#cam=5"}
2026-09-09T21:28:34.860 GET /fp-zones/bench-lan6 status=200 duration_ms=0.9
Headers: {"content-type": "application/json"}
Body: {"product_type": "bench-lan6#cam=5", "zones": []}
2026-09-09T21:28:34.910 POST /upload-ref-shm status=200 duration_ms=23.2
Headers: {"content-type": "application/json"}
Body: {"message": "Reference uploaded from shared memory", "product_type": "bench-lan6#cam=5"}
2026-09-09T21:28:34.960 POST /upload-ref-shm status=200 duration_ms=23.1
Headers: {"content-type": "application/json"}
Body: {"message": "Reference uploaded from shared memory", "product_type": "bench-lan6#cam=6"}
2026-09-09T21:28:35.003 POST /upload-ref-shm status=200 duration_ms=19.4
Headers: {"content-type": "application/json"}
Body: {"message": "Reference uploaded from shared memory", "product_type": "bench-lan6#cam=7"}
2026-09-09T21:28:35.049 POST /upload-ref-shm status=200 duration_ms=21.1
Headers: {"content-type": "application/json"}
Body: {"message": "Reference uploaded from shared memory", "product_type": "bench-lan6#cam=8"}
2026-09-09T21:28:35.110 POST /upload-ref-shm status=200 duration_ms=23.3
Headers: {"content-type": "application/json"}
Body: {"message": "Reference uploaded from shared memory", "product_type": "bench-lan6#cam=9"}
2026-09-09T21:28:37.341 POST /roi-polygon status=200 duration_ms=3.2
Headers: {"content-type": "application/json"}
Body: {"product_type": "bench-lan6#cam=7", "points": [{"x": 0.262478184991274, "y": 0.5378541440765146}, {"x": 0.34140779522978476, "y": 0.20688408819195372}, {"x": 0.4873531122745782, "y": 0.12325186976951094}, {"x": 0.6779755671902269, "y": 0.11435482525648512}, {"x": 0.7896684118673647, "y": 0.2922957155170017}, {"x": 0.8060500290866783, "y": 0.4844718769983596}, {"x": 0.7747760325770797, "y": 0.5983540467650902}, {"x": 0.7360558464223386, "y": 0.6535157227458503}, {"x": 0.719674229203025, "y": 0.6766480384797176}, {"x": 0.6541477603257708, "y": 0.7086773987266105}, {"x": 0.49479930191972077, "y": 0.7318097144604777}, {"x": 0.33842931937172777, "y": 0.7051185809214001}]}
2026-09-09T21:28:37.430 POST /roi-polygon status=200 duration_ms=3.4
Headers: {"content-type": "application/json"}
Body: {"product_type": "bench-lan5#cam=1", "points": [{"x": 0.22524723676556138, "y": 0.5876775933494592}, {"x": 0.403955788248982, "y": 0.21578113270497956}, {"x": 0.48586387434554973, "y": 0.19086940806850725}, {"x": 0.554368819080861, "y": 0.20332527038674342}, {"x": 0.6854217568353694, "y": 0.2495899018544777}, {"x": 0.7837114601512507, "y": 0.3225456668612895}, {"x": 0.8194531704479349, "y": 0.37770734284204965}, {"x": 0.8328563118091914, "y": 0.4204131565045736}, {"x": 0.7643513670738802, "y": 0.8207801595907359}, {"x": 0.6660616637579988, "y": 0.7709567103177913}, {"x": 0.6169168121000582, "y": 0.8065448883698946}]}
2026-09-09T21:28:37.560 POST /roi-polygon status=200 duration_ms=7.0
Headers: {"content-type": "application/json"}
Body: {"product_type": "bench-lan5#cam=4", "points": [{"x": 0.13589296102385107, "y": 0.5930158200572747}, {"x": 0.25949970913321696, "y": 0.2389134484388467}, {"x": 0.36523560209424083, "y": 0.15350182111379876}, {"x": 0.48437463641652123, "y": 0.1463841855033781}, {"x": 0.6303199534613148, "y": 0.19086940806850725}, {"x": 0.710738801628854, "y": 0.2584869463675035}, {"x": 0.7405235602094241, "y": 0.29941335112742234}, {"x": 0.7717975567190227, "y": 0.767397892512581}, {"x": 0.29226294357184407, "y": 0.6784274473823226}, {"x": 0.27290285049447355, "y": 0.6036922734729058}]}
2026-09-09T21:28:37.685 POST /roi-polygon status=200 duration_ms=3.6
Headers: {"content-type": "application/json"}
Body: {"product_type": "bench-lan6#cam=8", "points": [{"x": 0.115043630017452, "y": 0.7371479411682932}, {"x": 0.22226876090750436, "y": 0.2140017238023744}, {"x": 0.33842931937172777, "y": 0.1463841855033781}, {"x": 0.4501221640488656, "y": 0.1303695053799316}, {"x": 0.5528795811518324, "y": 0.14460477660077292}, {"x": 0.6571262361838278, "y": 0.17485472794506074}, {"x": 0.7420127981384526, "y": 0.2656045819779242}, {"x": 0.7866899360093077, "y": 0.724692078850057}, {"x": 0.6154275741710297, "y": 0.714015625434426}, {"x": 0.5841535776614311, "y": 0.7745155281230016}]}
2026-09-09T21:28:38.112 POST /roi-polygon status=200 duration_ms=2.3
Headers: {"content-type": "application/json"}
Body: {"product_type": "bench-lan6#cam=6", "points": [{"x": 0.25801047120418846, "y": 0.767397892512581}, {"x": 0.25354275741710297, "y": 0.24603108404926738}, {"x": 0.36374636416521233, "y": 0.1463841855033781}, {"x": 0.4709714950552647, "y": 0.10901659854866962}, {"x": 0.566282722513089, "y": 0.09834014513303863}, {"x": 0.6675509016870274, "y": 0.10011955403564378}, {"x": 0.7360558464223386, "y": 0.12325186976951094}, {"x": 0.7807329842931937, "y": 0.14460477660077292}, {"x": 0.8924258289703316, "y": 0.6375010426224039}, {"x": 0.8194531704479349, "y": 0.6588539494536658}, {"x": 0.7926468877254218, "y": 0.7318097144604777}]}
2026-09-09T21:28:38.209 POST /inspect-shm status=200 duration_ms=864.2
Headers: {"content-type": "application/json"}
Body: {"product_type": "bench-lan6#cam=7", "status": "ГОДЕН", "anomaly_score": 0.000588235294117647, "threshold": 0.607, "detector_id": "python-detector-fe1585063384", "raw_anomaly_score": 0.0, "rechecked_zones_count": 0, "recheck_adjustment": 0.0, "rechecked_zone_ids": [], "main_roi_score": 0.000588235294117647, "sub_zone_scores": [], "inspection_id": "2f45c2e5-6d7e-4a5d-b9bf-63dae1607fd5", "learned_normal_matches_count": 0, "learned_normal_adjustment": 0.0, "matched_accepted_case_ids": [], "excluded_normal_zones": [], "fp_zone_scores": []}
2026-09-09T21:28:38.441 POST /inspect-shm status=200 duration_ms=1003.3
Headers: {"content-type": "application/json"}
Body: {"product_type": "bench-lan5#cam=1", "status": "ГОДЕН", "anomaly_score": 0.06302745098039216, "threshold": 0.607, "detector_id": "python-detector-fe1585063384", "raw_anomaly_score": 0.06302745098039216, "rechecked_zones_count": 0, "recheck_adjustment": 0.0, "rechecked_zone_ids": [], "main_roi_score": 0.06302745098039216, "sub_zone_scores": [], "inspection_id": "6bbc5074-bc57-4765-b47a-30460806c761", "learned_normal_matches_count": 0, "learned_normal_adjustment": 0.0, "matched_accepted_case_ids": [], "excluded_normal_zones": [], "fp_zone_scores": []}
2026-09-09T21:28:38.507 POST /inspect-shm status=200 duration_ms=925.7
Headers: {"content-type": "application/json"}
Body: {"product_type": "bench-lan5#cam=4", "status": "ГОДЕН", "anomaly_score": 0.00823529411764706, "threshold": 0.607, "detector_id": "python-detector-fe1585063384", "raw_anomaly_score": 0.0, "rechecked_zones_count": 0, "recheck_adjustment": 0.0, "rechecked_zone_ids": [], "main_roi_score": 0.00823529411764706, "sub_zone_scores": [], "inspection_id": "33e82856-ebcc-4e2f-a867-79ac4c6bc72c", "learned_normal_matches_count": 0, "learned_normal_adjustment": 0.0, "matched_accepted_case_ids": [], "excluded_normal_zones": [], "fp_zone_scores": []}
2026-09-09T21:28:38.520 POST /inspect-shm status=200 duration_ms=837.0
Headers: {"content-type": "application/json"}
Body: {"product_type": "bench-lan6#cam=8", "status": "ГОДЕН", "anomaly_score": 0.002352941176470588, "threshold": 0.607, "detector_id": "python-detector-fe1585063384", "raw_anomaly_score": 0.0, "rechecked_zones_count": 0, "recheck_adjustment": 0.0, "rechecked_zone_ids": [], "main_roi_score": 0.002352941176470588, "sub_zone_scores": [], "inspection_id": "23b08b29-8ffa-4987-831d-a65b8f3441fc", "learned_normal_matches_count": 0, "learned_normal_adjustment": 0.0, "matched_accepted_case_ids": [], "excluded_normal_zones": [], "fp_zone_scores": []}
2026-09-09T21:28:38.697 POST /inspect-shm status=200 duration_ms=577.7
Headers: {"content-type": "application/json"}
Body: {"product_type": "bench-lan6#cam=6", "status": "ГОДЕН", "anomaly_score": 0.11059215686274512, "threshold": 0.607, "detector_id": "python-detector-fe1585063384", "raw_anomaly_score": 0.11059215686274512, "rechecked_zones_count": 0, "recheck_adjustment": 0.0, "rechecked_zone_ids": [], "main_roi_score": 0.11059215686274512, "sub_zone_scores": [], "inspection_id": "a4f3dbc9-f592-4639-b0f5-3c00a5d6356a", "learned_normal_matches_count": 0, "learned_normal_adjustment": 0.0, "matched_accepted_case_ids": [], "excluded_normal_zones": [], "fp_zone_scores": []}
2026-09-09T21:28:47.939 POST /inspect-shm status=200 duration_ms=826.8
Headers: {"content-type": "application/json"}
Body: {"product_type": "bench-lan5#cam=4", "status": "ГОДЕН", "anomaly_score": 0.004117647058823529, "threshold": 0.607, "detector_id": "python-detector-fe1585063384", "raw_anomaly_score": 0.0, "rechecked_zones_count": 0, "recheck_adjustment": 0.0, "rechecked_zone_ids": [], "main_roi_score": 0.004117647058823529, "sub_zone_scores": [], "inspection_id": "6c7ba7c1-0cc7-4ae9-bb53-cf67c80f724b", "learned_normal_matches_count": 0, "learned_normal_adjustment": 0.0, "matched_accepted_case_ids": [], "excluded_normal_zones": [], "fp_zone_scores": []}
2026-09-09T21:28:47.948 POST /inspect-shm status=200 duration_ms=835.4
Headers: {"content-type": "application/json"}
Body: {"product_type": "bench-lan6#cam=7", "status": "ГОДЕН", "anomaly_score": 0.000588235294117647, "threshold": 0.607, "detector_id": "python-detector-fe1585063384", "raw_anomaly_score": 0.0, "rechecked_zones_count": 0, "recheck_adjustment": 0.0, "rechecked_zone_ids": [], "main_roi_score": 0.000588235294117647, "sub_zone_scores": [], "inspection_id": "b6f7d68d-c854-484e-9923-24ffb9962e10", "learned_normal_matches_count": 0, "learned_normal_adjustment": 0.0, "matched_accepted_case_ids": [], "excluded_normal_zones": [], "fp_zone_scores": []}
2026-09-09T21:28:47.962 POST /inspect-shm status=200 duration_ms=953.8
Headers: {"content-type": "application/json"}
Body: {"product_type": "bench-lan5#cam=2", "status": "ГОДЕН", "anomaly_score": 0.12417908496732027, "threshold": 0.607, "detector_id": "python-detector-fe1585063384", "raw_anomaly_score": 0.12417908496732027, "rechecked_zones_count": 0, "recheck_adjustment": 0.0, "rechecked_zone_ids": [], "main_roi_score": 0.12417908496732027, "sub_zone_scores": [], "inspection_id": "9f99fce4-ebde-49fb-b108-92e1477e58aa", "learned_normal_matches_count": 0, "learned_normal_adjustment": 0.0, "matched_accepted_case_ids": [], "excluded_normal_zones": [], "fp_zone_scores": []}
2026-09-09T21:28:48.018 POST /inspect-shm status=200 duration_ms=865.5
Headers: {"content-type": "application/json"}
Body: {"product_type": "bench-lan6#cam=8", "status": "ГОДЕН", "anomaly_score": 0.001764705882352941, "threshold": 0.607, "detector_id": "python-detector-fe1585063384", "raw_anomaly_score": 0.0, "rechecked_zones_count": 0, "recheck_adjustment": 0.0, "rechecked_zone_ids": [], "main_roi_score": 0.001764705882352941, "sub_zone_scores": [], "inspection_id": "b823b77f-0be5-4625-baa2-7bd86f9fde11", "learned_normal_matches_count": 0, "learned_normal_adjustment": 0.0, "matched_accepted_case_ids": [], "excluded_normal_zones": [], "fp_zone_scores": []}
2026-09-09T21:28:48.250 POST /inspect-shm status=200 duration_ms=429.5
Headers: {"content-type": "application/json"}
Body: {"product_type": "bench-lan6#cam=6", "status": "ГОДЕН", "anomaly_score": 0.006470588235294117, "threshold": 0.607, "detector_id": "python-detector-fe1585063384", "raw_anomaly_score": 0.0, "rechecked_zones_count": 0, "recheck_adjustment": 0.0, "rechecked_zone_ids": [], "main_roi_score": 0.006470588235294117, "sub_zone_scores": [], "inspection_id": "3af7db3d-c447-46c2-a037-e346e179542d", "learned_normal_matches_count": 0, "learned_normal_adjustment": 0.0, "matched_accepted_case_ids": [], "excluded_normal_zones": [], "fp_zone_scores": []}
2026-09-09T21:28:57.910 POST /inspect-shm status=200 duration_ms=790.1
Headers: {"content-type": "application/json"}
Body: {"product_type": "bench-lan5#cam=0", "status": "ГОДЕН", "anomaly_score": 0.007647058823529411, "threshold": 0.607, "detector_id": "python-detector-fe1585063384", "raw_anomaly_score": 0.0, "rechecked_zones_count": 0, "recheck_adjustment": 0.0, "rechecked_zone_ids": [], "main_roi_score": 0.007647058823529411, "sub_zone_scores": [], "inspection_id": "88092bda-c811-497d-af5b-13bf7e4931a3", "learned_normal_matches_count": 0, "learned_normal_adjustment": 0.0, "matched_accepted_case_ids": [], "excluded_normal_zones": [], "fp_zone_scores": []}
2026-09-09T21:28:57.952 POST /inspect-shm status=200 duration_ms=801.9
Headers: {"content-type": "application/json"}
Body: {"product_type": "bench-lan6#cam=7", "status": "ГОДЕН", "anomaly_score": 0.000588235294117647, "threshold": 0.607, "detector_id": "python-detector-fe1585063384", "raw_anomaly_score": 0.0, "rechecked_zones_count": 0, "recheck_adjustment": 0.0, "rechecked_zone_ids": [], "main_roi_score": 0.000588235294117647, "sub_zone_scores": [], "inspection_id": "d96ca804-9ae3-4b00-9590-125fe7ecf5c6", "learned_normal_matches_count": 0, "learned_normal_adjustment": 0.0, "matched_accepted_case_ids": [], "excluded_normal_zones": [], "fp_zone_scores": []}
2026-09-09T21:28:58.036 POST /inspect-shm status=200 duration_ms=872.1
Headers: {"content-type": "application/json"}
Body: {"product_type": "bench-lan5#cam=1", "status": "ГОДЕН", "anomaly_score": 0.008823529411764706, "threshold": 0.607, "detector_id": "python-detector-fe1585063384", "raw_anomaly_score": 0.0, "rechecked_zones_count": 0, "recheck_adjustment": 0.0, "rechecked_zone_ids": [], "main_roi_score": 0.008823529411764706, "sub_zone_scores": [], "inspection_id": "d998d051-143e-41f8-8b16-cd269fcafd1e", "learned_normal_matches_count": 0, "learned_normal_adjustment": 0.0, "matched_accepted_case_ids": [], "excluded_normal_zones": [], "fp_zone_scores": []}
2026-09-09T21:28:58.052 POST /inspect-shm status=200 duration_ms=807.7
Headers: {"content-type": "application/json"}
Body: {"product_type": "bench-lan6#cam=8", "status": "ГОДЕН", "anomaly_score": 0.002352941176470588, "threshold": 0.607, "detector_id": "python-detector-fe1585063384", "raw_anomaly_score": 0.0, "rechecked_zones_count": 0, "recheck_adjustment": 0.0, "rechecked_zone_ids": [], "main_roi_score": 0.002352941176470588, "sub_zone_scores": [], "inspection_id": "8ea92d0c-3c00-45e4-a9b6-a4b5044aa244", "learned_normal_matches_count": 0, "learned_normal_adjustment": 0.0, "matched_accepted_case_ids": [], "excluded_normal_zones": [], "fp_zone_scores": []}
2026-09-09T21:28:58.208 POST /inspect-shm status=200 duration_ms=454.9
Headers: {"content-type": "application/json"}
Body: {"product_type": "bench-lan6#cam=6", "status": "ГОДЕН", "anomaly_score": 0.00823529411764706, "threshold": 0.607, "detector_id": "python-detector-fe1585063384", "raw_anomaly_score": 0.0, "rechecked_zones_count": 0, "recheck_adjustment": 0.0, "rechecked_zone_ids": [], "main_roi_score": 0.00823529411764706, "sub_zone_scores": [], "inspection_id": "490fff0e-76d0-4cd9-abfa-0ea9a3276cf7", "learned_normal_matches_count": 0, "learned_normal_adjustment": 0.0, "matched_accepted_case_ids": [], "excluded_normal_zones": [], "fp_zone_scores": []}
2026-09-09T21:29:07.831 POST /inspect-shm status=200 duration_ms=665.9
Headers: {"content-type": "application/json"}
Body: {"product_type": "bench-lan6#cam=5", "status": "ГОДЕН", "anomaly_score": 0.000588235294117647, "threshold": 0.607, "detector_id": "python-detector-fe1585063384", "raw_anomaly_score": 0.0, "rechecked_zones_count": 0, "recheck_adjustment": 0.0, "rechecked_zone_ids": [], "main_roi_score": 0.000588235294117647, "sub_zone_scores": [], "inspection_id": "3fccccf6-e520-4ade-a63b-930cce3908f8", "learned_normal_matches_count": 0, "learned_normal_adjustment": 0.0, "matched_accepted_case_ids": [], "excluded_normal_zones": [], "fp_zone_scores": []}
2026-09-09T21:29:07.955 POST /inspect-shm status=200 duration_ms=741.0
Headers: {"content-type": "application/json"}
Body: {"product_type": "bench-lan5#cam=3", "status": "ГОДЕН", "anomaly_score": 0.0058823529411764705, "threshold": 0.607, "detector_id": "python-detector-fe1585063384", "raw_anomaly_score": 0.0, "rechecked_zones_count": 0, "recheck_adjustment": 0.0, "rechecked_zone_ids": [], "main_roi_score": 0.0058823529411764705, "sub_zone_scores": [], "inspection_id": "5dae2551-3f6a-4dbb-b70f-9bad3ecedb8b", "learned_normal_matches_count": 0, "learned_normal_adjustment": 0.0, "matched_accepted_case_ids": [], "excluded_normal_zones": [], "fp_zone_scores": []}
2026-09-09T21:29:07.996 POST /inspect-shm status=200 duration_ms=730.5
Headers: {"content-type": "application/json"}
Body: {"product_type": "bench-lan5#cam=0", "status": "ГОДЕН", "anomaly_score": 0.007647058823529411, "threshold": 0.607, "detector_id": "python-detector-fe1585063384", "raw_anomaly_score": 0.0, "rechecked_zones_count": 0, "recheck_adjustment": 0.0, "rechecked_zone_ids": [], "main_roi_score": 0.007647058823529411, "sub_zone_scores": [], "inspection_id": "e6b444c0-f752-41db-a671-103573876a18", "learned_normal_matches_count": 0, "learned_normal_adjustment": 0.0, "matched_accepted_case_ids": [], "excluded_normal_zones": [], "fp_zone_scores": []}
2026-09-09T21:29:08.028 POST /inspect-shm status=200 duration_ms=722.9
Headers: {"content-type": "application/json"}
Body: {"product_type": "bench-lan6#cam=7", "status": "ГОДЕН", "anomaly_score": 0.001764705882352941, "threshold": 0.607, "detector_id": "python-detector-fe1585063384", "raw_anomaly_score": 0.0, "rechecked_zones_count": 0, "recheck_adjustment": 0.0, "rechecked_zone_ids": [], "main_roi_score": 0.001764705882352941, "sub_zone_scores": [], "inspection_id": "e9f7a03c-4c20-4363-bf1f-a7a4378916ea", "learned_normal_matches_count": 0, "learned_normal_adjustment": 0.0, "matched_accepted_case_ids": [], "excluded_normal_zones": [], "fp_zone_scores": []}
2026-09-09T21:29:08.167 POST /inspect-shm status=200 duration_ms=462.7
Headers: {"content-type": "application/json"}
Body: {"product_type": "bench-lan6#cam=6", "status": "ГОДЕН", "anomaly_score": 0.004705882352941176, "threshold": 0.607, "detector_id": "python-detector-fe1585063384", "raw_anomaly_score": 0.0, "rechecked_zones_count": 0, "recheck_adjustment": 0.0, "rechecked_zone_ids": [], "main_roi_score": 0.004705882352941176, "sub_zone_scores": [], "inspection_id": "fbb21ad6-b0be-4e31-8a9c-ce735fbc2ea6", "learned_normal_matches_count": 0, "learned_normal_adjustment": 0.0, "matched_accepted_case_ids": [], "excluded_normal_zones": [], "fp_zone_scores": []}
2026-09-09T21:29:17.984 POST /inspect-shm status=200 duration_ms=703.4
Headers: {"content-type": "application/json"}
Body: {"product_type": "bench-lan6#cam=7", "status": "ГОДЕН", "anomaly_score": 0.000588235294117647, "threshold": 0.607, "detector_id": "python-detector-fe1585063384", "raw_anomaly_score": 0.0, "rechecked_zones_count": 0, "recheck_adjustment": 0.0, "rechecked_zone_ids": [], "main_roi_score": 0.000588235294117647, "sub_zone_scores": [], "inspection_id": "1277beb1-7a0d-40d4-9114-7e812b09f0fd", "learned_normal_matches_count": 0, "learned_normal_adjustment": 0.0, "matched_accepted_case_ids": [], "excluded_normal_zones": [], "fp_zone_scores": []}
2026-09-09T21:29:18.062 POST /inspect-shm status=200 duration_ms=758.3
Headers: {"content-type": "application/json"}
Body: {"product_type": "bench-lan5#cam=0", "status": "ГОДЕН", "anomaly_score": 0.009411764705882352, "threshold": 0.607, "detector_id": "python-detector-fe1585063384", "raw_anomaly_score": 0.0, "rechecked_zones_count": 0, "recheck_adjustment": 0.0, "rechecked_zone_ids": [], "main_roi_score": 0.009411764705882352, "sub_zone_scores": [], "inspection_id": "62890587-bd85-4a8d-abe2-fd5cd591b3a4", "learned_normal_matches_count": 0, "learned_normal_adjustment": 0.0, "matched_accepted_case_ids": [], "excluded_normal_zones": [], "fp_zone_scores": []}
2026-09-09T21:29:18.075 POST /inspect-shm status=200 duration_ms=766.4
Headers: {"content-type": "application/json"}
Body: {"product_type": "bench-lan6#cam=5", "status": "ГОДЕН", "anomaly_score": 0.001764705882352941, "threshold": 0.607, "detector_id": "python-detector-fe1585063384", "raw_anomaly_score": 0.0, "rechecked_zones_count": 0, "recheck_adjustment": 0.0, "rechecked_zone_ids": [], "main_roi_score": 0.001764705882352941, "sub_zone_scores": [], "inspection_id": "4ac5bb61-d59d-40d2-aed9-48e7bf7855c2", "learned_normal_matches_count": 0, "learned_normal_adjustment": 0.0, "matched_accepted_case_ids": [], "excluded_normal_zones": [], "fp_zone_scores": []}
2026-09-09T21:29:18.174 POST /inspect-shm status=200 duration_ms=849.3
Headers: {"content-type": "application/json"}
Body: {"product_type": "bench-lan6#cam=9", "status": "ГОДЕН", "anomaly_score": 0.004117647058823529, "threshold": 0.607, "detector_id": "python-detector-fe1585063384", "raw_anomaly_score": 0.0, "rechecked_zones_count": 0, "recheck_adjustment": 0.0, "rechecked_zone_ids": [], "main_roi_score": 0.004117647058823529, "sub_zone_scores": [], "inspection_id": "271a7eb5-6d50-4d95-8a7d-5e743d74ae5a", "learned_normal_matches_count": 0, "learned_normal_adjustment": 0.0, "matched_accepted_case_ids": [], "excluded_normal_zones": [], "fp_zone_scores": [{"zone_id": "a0a764b1-1a34-45b0-b833-4b2e8bbea914", "triggered_vs_reference": false, "applied_fp_etalon": false, "residual_score": 0.0, "status": "SKIPPED", "note": "reference changed"}, {"zone_id": "7784e9ef-168a-4acc-a33f-945a38475708", "triggered_vs_reference": false, "applied_fp_etalon": false, "residual_score": 0.0, "status": "SKIPPED", "note": "reference changed"}, {"zone_id": "a8ba3867-093a-4a95-b3da-3f73b4888928", "triggered_vs_reference": false, "applied_fp_etalon": false, "residual_score": 0.0, "status": "SKIPPED", "note": "reference changed"}, {"zone_id": "c44bf278-f442-4475-969f-63e733d27fe7", "triggered_vs_reference": false, "applied_fp_etalon": false, "residual_score": 0.0, "status": "SKIPPED", "note": "reference changed"}, {"zone_id": "1e6db940-89d4-4757-a03e-913dc03cc43b", "triggered_vs_reference": false, "applied_fp_etalon": false, "residual_score": 0.0, "status": "ГОДЕН", "note": "zone quiet after main analysis"}]}
2026-09-09T21:29:18.381 POST /inspect-shm status=200 duration_ms=459.1
Headers: {"content-type": "application/json"}
Body: {"product_type": "bench-lan6#cam=6", "status": "ГОДЕН", "anomaly_score": 0.007058823529411765, "threshold": 0.607, "detector_id": "python-detector-fe1585063384", "raw_anomaly_score": 0.0, "rechecked_zones_count": 0, "recheck_adjustment": 0.0, "rechecked_zone_ids": [], "main_roi_score": 0.007058823529411765, "sub_zone_scores": [], "inspection_id": "d3fff7e4-c273-4fb7-9798-c7234c991d99", "learned_normal_matches_count": 0, "learned_normal_adjustment": 0.0, "matched_accepted_case_ids": [], "excluded_normal_zones": [], "fp_zone_scores": []}
2026-09-09T21:29:27.931 POST /inspect-shm status=200 duration_ms=635.8
Headers: {"content-type": "application/json"}
Body: {"product_type": "bench-lan6#cam=5", "status": "ГОДЕН", "anomaly_score": 0.001764705882352941, "threshold": 0.607, "detector_id": "python-detector-fe1585063384", "raw_anomaly_score": 0.0, "rechecked_zones_count": 0, "recheck_adjustment": 0.0, "rechecked_zone_ids": [], "main_roi_score": 0.001764705882352941, "sub_zone_scores": [], "inspection_id": "5eb31aa3-f242-4919-a336-a093edd44675", "learned_normal_matches_count": 0, "learned_normal_adjustment": 0.0, "matched_accepted_case_ids": [], "excluded_normal_zones": [], "fp_zone_scores": []}
2026-09-09T21:29:28.118 POST /inspect-shm status=200 duration_ms=697.5
Headers: {"content-type": "application/json"}
Body: {"product_type": "bench-lan6#cam=7", "status": "ГОДЕН", "anomaly_score": 0.001764705882352941, "threshold": 0.607, "detector_id": "python-detector-fe1585063384", "raw_anomaly_score": 0.0, "rechecked_zones_count": 0, "recheck_adjustment": 0.0, "rechecked_zone_ids": [], "main_roi_score": 0.001764705882352941, "sub_zone_scores": [], "inspection_id": "cbea1ff1-3181-4663-b69d-02565354f617", "learned_normal_matches_count": 0, "learned_normal_adjustment": 0.0, "matched_accepted_case_ids": [], "excluded_normal_zones": [], "fp_zone_scores": []}
2026-09-09T21:29:28.243 POST /inspect-shm status=200 duration_ms=799.5
Headers: {"content-type": "application/json"}
Body: {"product_type": "bench-lan5#cam=1", "status": "ГОДЕН", "anomaly_score": 0.008823529411764706, "threshold": 0.607, "detector_id": "python-detector-fe1585063384", "raw_anomaly_score": 0.0, "rechecked_zones_count": 0, "recheck_adjustment": 0.0, "rechecked_zone_ids": [], "main_roi_score": 0.008823529411764706, "sub_zone_scores": [], "inspection_id": "a236b25a-56bc-4180-94ff-8574b96c393b", "learned_normal_matches_count": 0, "learned_normal_adjustment": 0.0, "matched_accepted_case_ids": [], "excluded_normal_zones": [], "fp_zone_scores": []}
2026-09-09T21:29:28.271 POST /inspect-shm status=200 duration_ms=783.0
Headers: {"content-type": "application/json"}
Body: {"product_type": "bench-lan5#cam=3", "status": "ГОДЕН", "anomaly_score": 0.006470588235294117, "threshold": 0.607, "detector_id": "python-detector-fe1585063384", "raw_anomaly_score": 0.0, "rechecked_zones_count": 0, "recheck_adjustment": 0.0, "rechecked_zone_ids": [], "main_roi_score": 0.006470588235294117, "sub_zone_scores": [], "inspection_id": "62d41f15-ac9e-4d5e-b43a-c7f3651e1e1b", "learned_normal_matches_count": 0, "learned_normal_adjustment": 0.0, "matched_accepted_case_ids": [], "excluded_normal_zones": [], "fp_zone_scores": []}
2026-09-09T21:29:28.412 POST /inspect-shm status=200 duration_ms=466.3
Headers: {"content-type": "application/json"}
Body: {"product_type": "bench-lan6#cam=6", "status": "ГОДЕН", "anomaly_score": 0.007058823529411765, "threshold": 0.607, "detector_id": "python-detector-fe1585063384", "raw_anomaly_score": 0.0, "rechecked_zones_count": 0, "recheck_adjustment": 0.0, "rechecked_zone_ids": [], "main_roi_score": 0.007058823529411765, "sub_zone_scores": [], "inspection_id": "f87bb7c6-e000-4e1f-9dc3-6bfeabefa0d4", "learned_normal_matches_count": 0, "learned_normal_adjustment": 0.0, "matched_accepted_case_ids": [], "excluded_normal_zones": [], "fp_zone_scores": []}
2026-09-09T21:29:38.146 POST /inspect-shm status=200 duration_ms=739.6
Headers: {"content-type": "application/json"}
Body: {"product_type": "bench-lan6#cam=7", "status": "ГОДЕН", "anomaly_score": 0.000588235294117647, "threshold": 0.607, "detector_id": "python-detector-fe1585063384", "raw_anomaly_score": 0.0, "rechecked_zones_count": 0, "recheck_adjustment": 0.0, "rechecked_zone_ids": [], "main_roi_score": 0.000588235294117647, "sub_zone_scores": [], "inspection_id": "bda1ed44-a0f0-4214-9b54-aa69f586228c", "learned_normal_matches_count": 0, "learned_normal_adjustment": 0.0, "matched_accepted_case_ids": [], "excluded_normal_zones": [], "fp_zone_scores": []}
2026-09-09T21:29:38.193 POST /inspect-shm status=200 duration_ms=839.8
Headers: {"content-type": "application/json"}
Body: {"product_type": "bench-lan5#cam=1", "status": "ГОДЕН", "anomaly_score": 0.09852496732026143, "threshold": 0.607, "detector_id": "python-detector-fe1585063384", "raw_anomaly_score": 0.09852496732026143, "rechecked_zones_count": 0, "recheck_adjustment": 0.0, "rechecked_zone_ids": [], "main_roi_score": 0.09852496732026143, "sub_zone_scores": [], "inspection_id": "a57acbab-8718-4afa-b75d-13dbfc551f7b", "learned_normal_matches_count": 0, "learned_normal_adjustment": 0.0, "matched_accepted_case_ids": [], "excluded_normal_zones": [], "fp_zone_scores": []}
2026-09-09T21:29:38.261 POST /inspect-shm status=200 duration_ms=814.6
Headers: {"content-type": "application/json"}
Body: {"product_type": "bench-lan5#cam=0", "status": "ГОДЕН", "anomaly_score": 0.007058823529411765, "threshold": 0.607, "detector_id": "python-detector-fe1585063384", "raw_anomaly_score": 0.0, "rechecked_zones_count": 0, "recheck_adjustment": 0.0, "rechecked_zone_ids": [], "main_roi_score": 0.007058823529411765, "sub_zone_scores": [], "inspection_id": "3b4594db-3bd7-4b18-b991-de7fb6ae269b", "learned_normal_matches_count": 0, "learned_normal_adjustment": 0.0, "matched_accepted_case_ids": [], "excluded_normal_zones": [], "fp_zone_scores": []}
2026-09-09T21:29:38.277 POST /inspect-shm status=200 duration_ms=826.9
Headers: {"content-type": "application/json"}
Body: {"product_type": "bench-lan6#cam=9", "status": "ГОДЕН", "anomaly_score": 0.002352941176470588, "threshold": 0.607, "detector_id": "python-detector-fe1585063384", "raw_anomaly_score": 0.0, "rechecked_zones_count": 0, "recheck_adjustment": 0.0, "rechecked_zone_ids": [], "main_roi_score": 0.002352941176470588, "sub_zone_scores": [], "inspection_id": "c1a0b4b1-08e3-432e-92ae-e1e1832e52b5", "learned_normal_matches_count": 0, "learned_normal_adjustment": 0.0, "matched_accepted_case_ids": [], "excluded_normal_zones": [], "fp_zone_scores": [{"zone_id": "a0a764b1-1a34-45b0-b833-4b2e8bbea914", "triggered_vs_reference": false, "applied_fp_etalon": false, "residual_score": 0.0, "status": "SKIPPED", "note": "reference changed"}, {"zone_id": "7784e9ef-168a-4acc-a33f-945a38475708", "triggered_vs_reference": false, "applied_fp_etalon": false, "residual_score": 0.0, "status": "SKIPPED", "note": "reference changed"}, {"zone_id": "a8ba3867-093a-4a95-b3da-3f73b4888928", "triggered_vs_reference": false, "applied_fp_etalon": false, "residual_score": 0.0, "status": "SKIPPED", "note": "reference changed"}, {"zone_id": "c44bf278-f442-4475-969f-63e733d27fe7", "triggered_vs_reference": false, "applied_fp_etalon": false, "residual_score": 0.0, "status": "SKIPPED", "note": "reference changed"}, {"zone_id": "1e6db940-89d4-4757-a03e-913dc03cc43b", "triggered_vs_reference": false, "applied_fp_etalon": false, "residual_score": 0.0, "status": "ГОДЕН", "note": "zone quiet after main analysis"}]}
2026-09-09T21:29:38.430 POST /inspect-shm status=200 duration_ms=493.7
Headers: {"content-type": "application/json"}
Body: {"product_type": "bench-lan6#cam=6", "status": "ГОДЕН", "anomaly_score": 0.005294117647058823, "threshold": 0.607, "detector_id": "python-detector-fe1585063384", "raw_anomaly_score": 0.0, "rechecked_zones_count": 0, "recheck_adjustment": 0.0, "rechecked_zone_ids": [], "main_roi_score": 0.005294117647058823, "sub_zone_scores": [], "inspection_id": "269b5f3e-39a3-407e-9c35-a45756b911f6", "learned_normal_matches_count": 0, "learned_normal_adjustment": 0.0, "matched_accepted_case_ids": [], "excluded_normal_zones": [], "fp_zone_scores": []}
2026-09-09T21:29:48.088 POST /inspect-shm status=200 duration_ms=677.8
Headers: {"content-type": "application/json"}
Body: {"product_type": "bench-lan5#cam=1", "status": "ГОДЕН", "anomaly_score": 0.0029411764705882353, "threshold": 0.607, "detector_id": "python-detector-fe1585063384", "raw_anomaly_score": 0.0, "rechecked_zones_count": 0, "recheck_adjustment": 0.0, "rechecked_zone_ids": [], "main_roi_score": 0.0029411764705882353, "sub_zone_scores": [], "inspection_id": "e8417fa4-5a2f-4821-bd1e-55c31de6c990", "learned_normal_matches_count": 0, "learned_normal_adjustment": 0.0, "matched_accepted_case_ids": [], "excluded_normal_zones": [], "fp_zone_scores": []}
2026-09-09T21:29:48.213 POST /inspect-shm status=200 duration_ms=727.3
Headers: {"content-type": "application/json"}
Body: {"product_type": "bench-lan6#cam=7", "status": "ГОДЕН", "anomaly_score": 0.001764705882352941, "threshold": 0.607, "detector_id": "python-detector-fe1585063384", "raw_anomaly_score": 0.0, "rechecked_zones_count": 0, "recheck_adjustment": 0.0, "rechecked_zone_ids": [], "main_roi_score": 0.001764705882352941, "sub_zone_scores": [], "inspection_id": "298e1747-fd69-4e1b-93d6-9e01c368637e", "learned_normal_matches_count": 0, "learned_normal_adjustment": 0.0, "matched_accepted_case_ids": [], "excluded_normal_zones": [], "fp_zone_scores": []}
2026-09-09T21:29:48.363 POST /inspect-shm status=200 duration_ms=724.8
Headers: {"content-type": "application/json"}
Body: {"product_type": "bench-lan5#cam=0", "status": "ГОДЕН", "anomaly_score": 0.007647058823529411, "threshold": 0.607, "detector_id": "python-detector-fe1585063384", "raw_anomaly_score": 0.0, "rechecked_zones_count": 0, "recheck_adjustment": 0.0, "rechecked_zone_ids": [], "main_roi_score": 0.007647058823529411, "sub_zone_scores": [], "inspection_id": "eb42db4c-1bf3-45e3-87d0-cebe562f3808", "learned_normal_matches_count": 0, "learned_normal_adjustment": 0.0, "matched_accepted_case_ids": [], "excluded_normal_zones": [], "fp_zone_scores": []}
2026-09-09T21:29:48.390 POST /inspect-shm status=200 duration_ms=874.0
Headers: {"content-type": "application/json"}
Body: {"product_type": "bench-lan5#cam=3", "status": "ГОДЕН", "anomaly_score": 0.0835607843137255, "threshold": 0.607, "detector_id": "python-detector-fe1585063384", "raw_anomaly_score": 0.0835607843137255, "rechecked_zones_count": 0, "recheck_adjustment": 0.0, "rechecked_zone_ids": [], "main_roi_score": 0.0835607843137255, "sub_zone_scores": [], "inspection_id": "ce29a4e1-bb4a-4005-b5fa-1863e142747f", "learned_normal_matches_count": 0, "learned_normal_adjustment": 0.0, "matched_accepted_case_ids": [], "excluded_normal_zones": [], "fp_zone_scores": []}
2026-09-09T21:29:48.530 POST /inspect-shm status=200 duration_ms=464.3
Headers: {"content-type": "application/json"}
Body: {"product_type": "bench-lan6#cam=6", "status": "ГОДЕН", "anomaly_score": 0.007647058823529411, "threshold": 0.607, "detector_id": "python-detector-fe1585063384", "raw_anomaly_score": 0.0, "rechecked_zones_count": 0, "recheck_adjustment": 0.0, "rechecked_zone_ids": [], "main_roi_score": 0.007647058823529411, "sub_zone_scores": [], "inspection_id": "6c68664e-c5b9-4bb3-8876-bbfb55b4abb7", "learned_normal_matches_count": 0, "learned_normal_adjustment": 0.0, "matched_accepted_case_ids": [], "excluded_normal_zones": [], "fp_zone_scores": []}
2026-09-09T21:29:58.326 POST /inspect-shm status=200 duration_ms=801.6
Headers: {"content-type": "application/json"}
Body: {"product_type": "bench-lan5#cam=1", "status": "ГОДЕН", "anomaly_score": 0.005294117647058823, "threshold": 0.607, "detector_id": "python-detector-fe1585063384", "raw_anomaly_score": 0.0, "rechecked_zones_count": 0, "recheck_adjustment": 0.0, "rechecked_zone_ids": [], "main_roi_score": 0.005294117647058823, "sub_zone_scores": [], "inspection_id": "4f576c1f-7406-4a13-9eb1-708a9aca3e5a", "learned_normal_matches_count": 0, "learned_normal_adjustment": 0.0, "matched_accepted_case_ids": [], "excluded_normal_zones": [], "fp_zone_scores": []}
2026-09-09T21:29:58.383 POST /inspect-shm status=200 duration_ms=774.2
Headers: {"content-type": "application/json"}
Body: {"product_type": "bench-lan5#cam=3", "status": "ГОДЕН", "anomaly_score": 0.0058823529411764705, "threshold": 0.607, "detector_id": "python-detector-fe1585063384", "raw_anomaly_score": 0.0, "rechecked_zones_count": 0, "recheck_adjustment": 0.0, "rechecked_zone_ids": [], "main_roi_score": 0.0058823529411764705, "sub_zone_scores": [], "inspection_id": "88d1762b-2b04-44c6-bb08-ed0dc98c30fb", "learned_normal_matches_count": 0, "learned_normal_adjustment": 0.0, "matched_accepted_case_ids": [], "excluded_normal_zones": [], "fp_zone_scores": []}
2026-09-09T21:29:58.414 POST /inspect-shm status=200 duration_ms=775.6
Headers: {"content-type": "application/json"}
Body: {"product_type": "bench-lan5#cam=0", "status": "ГОДЕН", "anomaly_score": 0.007647058823529411, "threshold": 0.607, "detector_id": "python-detector-fe1585063384", "raw_anomaly_score": 0.0, "rechecked_zones_count": 0, "recheck_adjustment": 0.0, "rechecked_zone_ids": [], "main_roi_score": 0.007647058823529411, "sub_zone_scores": [], "inspection_id": "65facab9-bd16-40e1-bfe8-9dec61ed7398", "learned_normal_matches_count": 0, "learned_normal_adjustment": 0.0, "matched_accepted_case_ids": [], "excluded_normal_zones": [], "fp_zone_scores": []}
2026-09-09T21:29:58.422 POST /inspect-shm status=200 duration_ms=754.5
Headers: {"content-type": "application/json"}
Body: {"product_type": "bench-lan6#cam=8", "status": "ГОДЕН", "anomaly_score": 0.001764705882352941, "threshold": 0.607, "detector_id": "python-detector-fe1585063384", "raw_anomaly_score": 0.0, "rechecked_zones_count": 0, "recheck_adjustment": 0.0, "rechecked_zone_ids": [], "main_roi_score": 0.001764705882352941, "sub_zone_scores": [], "inspection_id": "6d9ae255-2a69-42b5-9822-074811d0bf39", "learned_normal_matches_count": 0, "learned_normal_adjustment": 0.0, "matched_accepted_case_ids": [], "excluded_normal_zones": [], "fp_zone_scores": []}
2026-09-09T21:29:58.610 POST /inspect-shm status=200 duration_ms=440.9
Headers: {"content-type": "application/json"}
Body: {"product_type": "bench-lan6#cam=6", "status": "ГОДЕН", "anomaly_score": 0.006470588235294117, "threshold": 0.607, "detector_id": "python-detector-fe1585063384", "raw_anomaly_score": 0.0, "rechecked_zones_count": 0, "recheck_adjustment": 0.0, "rechecked_zone_ids": [], "main_roi_score": 0.006470588235294117, "sub_zone_scores": [], "inspection_id": "691d29bd-9513-4aa2-8b31-a0a7652c2a72", "learned_normal_matches_count": 0, "learned_normal_adjustment": 0.0, "matched_accepted_case_ids": [], "excluded_normal_zones": [], "fp_zone_scores": []}
2026-09-09T21:30:08.330 POST /inspect-shm status=200 duration_ms=718.0
Headers: {"content-type": "application/json"}
Body: {"product_type": "bench-lan5#cam=0", "status": "ГОДЕН", "anomaly_score": 0.007058823529411765, "threshold": 0.607, "detector_id": "python-detector-fe1585063384", "raw_anomaly_score": 0.0, "rechecked_zones_count": 0, "recheck_adjustment": 0.0, "rechecked_zone_ids": [], "main_roi_score": 0.007058823529411765, "sub_zone_scores": [], "inspection_id": "10d90def-330f-4b61-8a3a-9399ba88242f", "learned_normal_matches_count": 0, "learned_normal_adjustment": 0.0, "matched_accepted_case_ids": [], "excluded_normal_zones": [], "fp_zone_scores": []}
2026-09-09T21:30:08.438 POST /inspect-shm status=200 duration_ms=786.0
Headers: {"content-type": "application/json"}
Body: {"product_type": "bench-lan5#cam=3", "status": "ГОДЕН", "anomaly_score": 0.0058823529411764705, "threshold": 0.607, "detector_id": "python-detector-fe1585063384", "raw_anomaly_score": 0.0, "rechecked_zones_count": 0, "recheck_adjustment": 0.0, "rechecked_zone_ids": [], "main_roi_score": 0.0058823529411764705, "sub_zone_scores": [], "inspection_id": "ecd9ffe6-2d4c-45ea-8391-407d36904f64", "learned_normal_matches_count": 0, "learned_normal_adjustment": 0.0, "matched_accepted_case_ids": [], "excluded_normal_zones": [], "fp_zone_scores": []}
2026-09-09T21:30:08.455 POST /inspect-shm status=200 duration_ms=756.8
Headers: {"content-type": "application/json"}
Body: {"product_type": "bench-lan6#cam=8", "status": "ГОДЕН", "anomaly_score": 0.001764705882352941, "threshold": 0.607, "detector_id": "python-detector-fe1585063384", "raw_anomaly_score": 0.0, "rechecked_zones_count": 0, "recheck_adjustment": 0.0, "rechecked_zone_ids": [], "main_roi_score": 0.001764705882352941, "sub_zone_scores": [], "inspection_id": "50edd5a6-5c1a-4bdf-82b2-04f4ee61c272", "learned_normal_matches_count": 0, "learned_normal_adjustment": 0.0, "matched_accepted_case_ids": [], "excluded_normal_zones": [], "fp_zone_scores": []}
2026-09-09T21:30:08.455 POST /inspect-shm status=200 duration_ms=804.9
Headers: {"content-type": "application/json"}
Body: {"product_type": "bench-lan5#cam=4", "status": "ГОДЕН", "anomaly_score": 0.001764705882352941, "threshold": 0.607, "detector_id": "python-detector-fe1585063384", "raw_anomaly_score": 0.0, "rechecked_zones_count": 0, "recheck_adjustment": 0.0, "rechecked_zone_ids": [], "main_roi_score": 0.001764705882352941, "sub_zone_scores": [], "inspection_id": "8d2e08e2-5816-4064-b93f-6be19ec049eb", "learned_normal_matches_count": 0, "learned_normal_adjustment": 0.0, "matched_accepted_case_ids": [], "excluded_normal_zones": [], "fp_zone_scores": []}
2026-09-09T21:30:08.689 POST /inspect-shm status=200 duration_ms=434.6
Headers: {"content-type": "application/json"}
Body: {"product_type": "bench-lan6#cam=6", "status": "ГОДЕН", "anomaly_score": 0.09423464052287583, "threshold": 0.607, "detector_id": "python-detector-fe1585063384", "raw_anomaly_score": 0.09423464052287583, "rechecked_zones_count": 0, "recheck_adjustment": 0.0, "rechecked_zone_ids": [], "main_roi_score": 0.09423464052287583, "sub_zone_scores": [], "inspection_id": "98241861-62ea-4efc-b478-690d7a8c3295", "learned_normal_matches_count": 0, "learned_normal_adjustment": 0.0, "matched_accepted_case_ids": [], "excluded_normal_zones": [], "fp_zone_scores": []}
2026-09-09T21:30:18.446 POST /inspect-shm status=200 duration_ms=746.7
Headers: {"content-type": "application/json"}
Body: {"product_type": "bench-lan5#cam=0", "status": "ГОДЕН", "anomaly_score": 0.007058823529411765, "threshold": 0.607, "detector_id": "python-detector-fe1585063384", "raw_anomaly_score": 0.0, "rechecked_zones_count": 0, "recheck_adjustment": 0.0, "rechecked_zone_ids": [], "main_roi_score": 0.007058823529411765, "sub_zone_scores": [], "inspection_id": "b29ab56a-9b4e-4cb2-8fdf-7e6266b0465e", "learned_normal_matches_count": 0, "learned_normal_adjustment": 0.0, "matched_accepted_case_ids": [], "excluded_normal_zones": [], "fp_zone_scores": []}
2026-09-09T21:30:18.472 POST /inspect-shm status=200 duration_ms=751.2
Headers: {"content-type": "application/json"}
Body: {"product_type": "bench-lan6#cam=5", "status": "ГОДЕН", "anomaly_score": 0.001764705882352941, "threshold": 0.607, "detector_id": "python-detector-fe1585063384", "raw_anomaly_score": 0.0, "rechecked_zones_count": 0, "recheck_adjustment": 0.0, "rechecked_zone_ids": [], "main_roi_score": 0.001764705882352941, "sub_zone_scores": [], "inspection_id": "0744006f-3ce5-40c8-b9b5-9e2e0ff106bc", "learned_normal_matches_count": 0, "learned_normal_adjustment": 0.0, "matched_accepted_case_ids": [], "excluded_normal_zones": [], "fp_zone_scores": []}
2026-09-09T21:30:18.519 POST /inspect-shm status=200 duration_ms=761.1
Headers: {"content-type": "application/json"}
Body: {"product_type": "bench-lan5#cam=3", "status": "ГОДЕН", "anomaly_score": 0.0058823529411764705, "threshold": 0.607, "detector_id": "python-detector-fe1585063384", "raw_anomaly_score": 0.0, "rechecked_zones_count": 0, "recheck_adjustment": 0.0, "rechecked_zone_ids": [], "main_roi_score": 0.0058823529411764705, "sub_zone_scores": [], "inspection_id": "e3bc90f7-5670-4885-9f13-9500d5045cf6", "learned_normal_matches_count": 0, "learned_normal_adjustment": 0.0, "matched_accepted_case_ids": [], "excluded_normal_zones": [], "fp_zone_scores": []}
2026-09-09T21:30:18.678 POST /inspect-shm status=200 duration_ms=827.4
Headers: {"content-type": "application/json"}
Body: {"product_type": "bench-lan6#cam=9", "status": "ГОДЕН", "anomaly_score": 0.002352941176470588, "threshold": 0.607, "detector_id": "python-detector-fe1585063384", "raw_anomaly_score": 0.0, "rechecked_zones_count": 0, "recheck_adjustment": 0.0, "rechecked_zone_ids": [], "main_roi_score": 0.002352941176470588, "sub_zone_scores": [], "inspection_id": "2115801d-9d49-437a-b8ae-bc2fce32449c", "learned_normal_matches_count": 0, "learned_normal_adjustment": 0.0, "matched_accepted_case_ids": [], "excluded_normal_zones": [], "fp_zone_scores": [{"zone_id": "a0a764b1-1a34-45b0-b833-4b2e8bbea914", "triggered_vs_reference": false, "applied_fp_etalon": false, "residual_score": 0.0, "status": "SKIPPED", "note": "reference changed"}, {"zone_id": "7784e9ef-168a-4acc-a33f-945a38475708", "triggered_vs_reference": false, "applied_fp_etalon": false, "residual_score": 0.0, "status": "SKIPPED", "note": "reference changed"}, {"zone_id": "a8ba3867-093a-4a95-b3da-3f73b4888928", "triggered_vs_reference": false, "applied_fp_etalon": false, "residual_score": 0.0, "status": "SKIPPED", "note": "reference changed"}, {"zone_id": "c44bf278-f442-4475-969f-63e733d27fe7", "triggered_vs_reference": false, "applied_fp_etalon": false, "residual_score": 0.0, "status": "SKIPPED", "note": "reference changed"}, {"zone_id": "1e6db940-89d4-4757-a03e-913dc03cc43b", "triggered_vs_reference": false, "applied_fp_etalon": false, "residual_score": 0.0, "status": "ГОДЕН", "note": "zone quiet after main analysis"}]}
2026-09-09T21:30:18.819 POST /inspect-shm status=200 duration_ms=461.6
Headers: {"content-type": "application/json"}
Body: {"product_type": "bench-lan6#cam=6", "status": "ГОДЕН", "anomaly_score": 0.08115686274509805, "threshold": 0.607, "detector_id": "python-detector-fe1585063384", "raw_anomaly_score": 0.08115686274509805, "rechecked_zones_count": 0, "recheck_adjustment": 0.0, "rechecked_zone_ids": [], "main_roi_score": 0.08115686274509805, "sub_zone_scores": [], "inspection_id": "129041e9-5766-4696-b8b7-4b34de19e53c", "learned_normal_matches_count": 0, "learned_normal_adjustment": 0.0, "matched_accepted_case_ids": [], "excluded_normal_zones": [], "fp_zone_scores": []}
2026-09-09T21:30:28.572 POST /inspect-shm status=200 duration_ms=734.9
Headers: {"content-type": "application/json"}
Body: {"product_type": "bench-lan6#cam=5", "status": "ГОДЕН", "anomaly_score": 0.001764705882352941, "threshold": 0.607, "detector_id": "python-detector-fe1585063384", "raw_anomaly_score": 0.0, "rechecked_zones_count": 0, "recheck_adjustment": 0.0, "rechecked_zone_ids": [], "main_roi_score": 0.001764705882352941, "sub_zone_scores": [], "inspection_id": "5967e482-3248-456d-bbcf-98f2240e6bd4", "learned_normal_matches_count": 0, "learned_normal_adjustment": 0.0, "matched_accepted_case_ids": [], "excluded_normal_zones": [], "fp_zone_scores": []}
2026-09-09T21:30:28.604 POST /inspect-shm status=200 duration_ms=830.5
Headers: {"content-type": "application/json"}
Body: {"product_type": "bench-lan5#cam=1", "status": "ГОДЕН", "anomaly_score": 0.07377882352941176, "threshold": 0.607, "detector_id": "python-detector-fe1585063384", "raw_anomaly_score": 0.07377882352941176, "rechecked_zones_count": 0, "recheck_adjustment": 0.0, "rechecked_zone_ids": [], "main_roi_score": 0.07377882352941176, "sub_zone_scores": [], "inspection_id": "6d2623a1-49af-4f8b-969e-4ba6218f3724", "learned_normal_matches_count": 0, "learned_normal_adjustment": 0.0, "matched_accepted_case_ids": [], "excluded_normal_zones": [], "fp_zone_scores": []}
2026-09-09T21:30:28.713 POST /inspect-shm status=200 duration_ms=907.7
Headers: {"content-type": "application/json"}
Body: {"product_type": "bench-lan5#cam=0", "status": "ГОДЕН", "anomaly_score": 0.009999999999999998, "threshold": 0.607, "detector_id": "python-detector-fe1585063384", "raw_anomaly_score": 0.0, "rechecked_zones_count": 0, "recheck_adjustment": 0.0, "rechecked_zone_ids": [], "main_roi_score": 0.009999999999999998, "sub_zone_scores": [], "inspection_id": "fc1216a5-69ee-445b-ae72-ee2f3593ba43", "learned_normal_matches_count": 0, "learned_normal_adjustment": 0.0, "matched_accepted_case_ids": [], "excluded_normal_zones": [], "fp_zone_scores": []}
2026-09-09T21:30:28.729 POST /inspect-shm status=200 duration_ms=869.4
Headers: {"content-type": "application/json"}
Body: {"product_type": "bench-lan5#cam=3", "status": "ГОДЕН", "anomaly_score": 0.008823529411764706, "threshold": 0.607, "detector_id": "python-detector-fe1585063384", "raw_anomaly_score": 0.0, "rechecked_zones_count": 0, "recheck_adjustment": 0.0, "rechecked_zone_ids": [], "main_roi_score": 0.008823529411764706, "sub_zone_scores": [], "inspection_id": "faf84ae3-ea8f-4cfe-bc61-b2d425523e19", "learned_normal_matches_count": 0, "learned_normal_adjustment": 0.0, "matched_accepted_case_ids": [], "excluded_normal_zones": [], "fp_zone_scores": []}
2026-09-09T21:30:28.885 POST /inspect-shm status=200 duration_ms=503.0
Headers: {"content-type": "application/json"}
Body: {"product_type": "bench-lan6#cam=6", "status": "ГОДЕН", "anomaly_score": 0.007058823529411765, "threshold": 0.607, "detector_id": "python-detector-fe1585063384", "raw_anomaly_score": 0.0, "rechecked_zones_count": 0, "recheck_adjustment": 0.0, "rechecked_zone_ids": [], "main_roi_score": 0.007058823529411765, "sub_zone_scores": [], "inspection_id": "1b00f4ec-81c1-404d-864d-7591abf4357b", "learned_normal_matches_count": 0, "learned_normal_adjustment": 0.0, "matched_accepted_case_ids": [], "excluded_normal_zones": [], "fp_zone_scores": []}
2026-09-09T21:30:38.512 POST /inspect-shm status=200 duration_ms=689.7
Headers: {"content-type": "application/json"}
Body: {"product_type": "bench-lan6#cam=7", "status": "ГОДЕН", "anomaly_score": 0.000588235294117647, "threshold": 0.607, "detector_id": "python-detector-fe1585063384", "raw_anomaly_score": 0.0, "rechecked_zones_count": 0, "recheck_adjustment": 0.0, "rechecked_zone_ids": [], "main_roi_score": 0.000588235294117647, "sub_zone_scores": [], "inspection_id": "38833559-8461-40dd-9534-5538774c3594", "learned_normal_matches_count": 0, "learned_normal_adjustment": 0.0, "matched_accepted_case_ids": [], "excluded_normal_zones": [], "fp_zone_scores": []}
2026-09-09T21:30:38.643 POST /inspect-shm status=200 duration_ms=759.0
Headers: {"content-type": "application/json"}
Body: {"product_type": "bench-lan5#cam=0", "status": "ГОДЕН", "anomaly_score": 0.007647058823529411, "threshold": 0.607, "detector_id": "python-detector-fe1585063384", "raw_anomaly_score": 0.0, "rechecked_zones_count": 0, "recheck_adjustment": 0.0, "rechecked_zone_ids": [], "main_roi_score": 0.007647058823529411, "sub_zone_scores": [], "inspection_id": "509f772d-d71e-4618-b4a8-b2776685f4e8", "learned_normal_matches_count": 0, "learned_normal_adjustment": 0.0, "matched_accepted_case_ids": [], "excluded_normal_zones": [], "fp_zone_scores": []}
2026-09-09T21:30:38.673 POST /inspect-shm status=200 duration_ms=735.5
Headers: {"content-type": "application/json"}
Body: {"product_type": "bench-lan6#cam=8", "status": "ГОДЕН", "anomaly_score": 0.002352941176470588, "threshold": 0.607, "detector_id": "python-detector-fe1585063384", "raw_anomaly_score": 0.0, "rechecked_zones_count": 0, "recheck_adjustment": 0.0, "rechecked_zone_ids": [], "main_roi_score": 0.002352941176470588, "sub_zone_scores": [], "inspection_id": "a81ce72e-11ac-4216-aadc-f9e806320090", "learned_normal_matches_count": 0, "learned_normal_adjustment": 0.0, "matched_accepted_case_ids": [], "excluded_normal_zones": [], "fp_zone_scores": []}
2026-09-09T21:30:38.767 POST /inspect-shm status=200 duration_ms=775.8
Headers: {"content-type": "application/json"}
Body: {"product_type": "bench-lan6#cam=9", "status": "ГОДЕН", "anomaly_score": 0.0029411764705882353, "threshold": 0.607, "detector_id": "python-detector-fe1585063384", "raw_anomaly_score": 0.0, "rechecked_zones_count": 0, "recheck_adjustment": 0.0, "rechecked_zone_ids": [], "main_roi_score": 0.0029411764705882353, "sub_zone_scores": [], "inspection_id": "17179fee-1122-4289-b234-9123d54ea900", "learned_normal_matches_count": 0, "learned_normal_adjustment": 0.0, "matched_accepted_case_ids": [], "excluded_normal_zones": [], "fp_zone_scores": [{"zone_id": "a0a764b1-1a34-45b0-b833-4b2e8bbea914", "triggered_vs_reference": false, "applied_fp_etalon": false, "residual_score": 0.0, "status": "SKIPPED", "note": "reference changed"}, {"zone_id": "7784e9ef-168a-4acc-a33f-945a38475708", "triggered_vs_reference": false, "applied_fp_etalon": false, "residual_score": 0.0, "status": "SKIPPED", "note": "reference changed"}, {"zone_id": "a8ba3867-093a-4a95-b3da-3f73b4888928", "triggered_vs_reference": false, "applied_fp_etalon": false, "residual_score": 0.0, "status": "SKIPPED", "note": "reference changed"}, {"zone_id": "c44bf278-f442-4475-969f-63e733d27fe7", "triggered_vs_reference": false, "applied_fp_etalon": false, "residual_score": 0.0, "status": "SKIPPED", "note": "reference changed"}, {"zone_id": "1e6db940-89d4-4757-a03e-913dc03cc43b", "triggered_vs_reference": false, "applied_fp_etalon": false, "residual_score": 0.0, "status": "ГОДЕН", "note": "zone quiet after main analysis"}]}
2026-09-09T21:30:38.939 POST /inspect-shm status=200 duration_ms=435.0
Headers: {"content-type": "application/json"}
Body: {"product_type": "bench-lan6#cam=6", "status": "ГОДЕН", "anomaly_score": 0.007058823529411765, "threshold": 0.607, "detector_id": "python-detector-fe1585063384", "raw_anomaly_score": 0.0, "rechecked_zones_count": 0, "recheck_adjustment": 0.0, "rechecked_zone_ids": [], "main_roi_score": 0.007058823529411765, "sub_zone_scores": [], "inspection_id": "d099c2b8-a64a-4f86-8a39-4398ab77856a", "learned_normal_matches_count": 0, "learned_normal_adjustment": 0.0, "matched_accepted_case_ids": [], "excluded_normal_zones": [], "fp_zone_scores": []}
2026-09-09T21:30:48.704 POST /inspect-shm status=200 duration_ms=769.2
Headers: {"content-type": "application/json"}
Body: {"product_type": "bench-lan6#cam=8", "status": "ГОДЕН", "anomaly_score": 0.002352941176470588, "threshold": 0.607, "detector_id": "python-detector-fe1585063384", "raw_anomaly_score": 0.0, "rechecked_zones_count": 0, "recheck_adjustment": 0.0, "rechecked_zone_ids": [], "main_roi_score": 0.002352941176470588, "sub_zone_scores": [], "inspection_id": "b480b76b-6a46-4f84-8882-b167533e5d91", "learned_normal_matches_count": 0, "learned_normal_adjustment": 0.0, "matched_accepted_case_ids": [], "excluded_normal_zones": [], "fp_zone_scores": []}
2026-09-09T21:30:48.735 POST /inspect-shm status=200 duration_ms=744.0
Headers: {"content-type": "application/json"}
Body: {"product_type": "bench-lan6#cam=5", "status": "ГОДЕН", "anomaly_score": 0.001764705882352941, "threshold": 0.607, "detector_id": "python-detector-fe1585063384", "raw_anomaly_score": 0.0, "rechecked_zones_count": 0, "recheck_adjustment": 0.0, "rechecked_zone_ids": [], "main_roi_score": 0.001764705882352941, "sub_zone_scores": [], "inspection_id": "b00b730e-c003-499a-b734-0c9142b45504", "learned_normal_matches_count": 0, "learned_normal_adjustment": 0.0, "matched_accepted_case_ids": [], "excluded_normal_zones": [], "fp_zone_scores": []}
2026-09-09T21:30:48.751 POST /inspect-shm status=200 duration_ms=784.7
Headers: {"content-type": "application/json"}
Body: {"product_type": "bench-lan5#cam=1", "status": "ГОДЕН", "anomaly_score": 0.0058823529411764705, "threshold": 0.607, "detector_id": "python-detector-fe1585063384", "raw_anomaly_score": 0.0, "rechecked_zones_count": 0, "recheck_adjustment": 0.0, "rechecked_zone_ids": [], "main_roi_score": 0.0058823529411764705, "sub_zone_scores": [], "inspection_id": "ba5ee408-3bae-4c4b-a0b5-33b94df878e5", "learned_normal_matches_count": 0, "learned_normal_adjustment": 0.0, "matched_accepted_case_ids": [], "excluded_normal_zones": [], "fp_zone_scores": []}
2026-09-09T21:30:48.876 POST /inspect-shm status=200 duration_ms=843.4
Headers: {"content-type": "application/json"}
Body: {"product_type": "bench-lan5#cam=3", "status": "ГОДЕН", "anomaly_score": 0.006470588235294117, "threshold": 0.607, "detector_id": "python-detector-fe1585063384", "raw_anomaly_score": 0.0, "rechecked_zones_count": 0, "recheck_adjustment": 0.0, "rechecked_zone_ids": [], "main_roi_score": 0.006470588235294117, "sub_zone_scores": [], "inspection_id": "c6710004-a018-49d1-8f84-97c5200c9e2e", "learned_normal_matches_count": 0, "learned_normal_adjustment": 0.0, "matched_accepted_case_ids": [], "excluded_normal_zones": [], "fp_zone_scores": []}
2026-09-09T21:30:49.047 POST /inspect-shm status=200 duration_ms=486.6
Headers: {"content-type": "application/json"}
Body: {"product_type": "bench-lan6#cam=6", "status": "ГОДЕН", "anomaly_score": 0.00823529411764706, "threshold": 0.607, "detector_id": "python-detector-fe1585063384", "raw_anomaly_score": 0.0, "rechecked_zones_count": 0, "recheck_adjustment": 0.0, "rechecked_zone_ids": [], "main_roi_score": 0.00823529411764706, "sub_zone_scores": [], "inspection_id": "a24ae497-47b4-45a1-b165-28050dc6d57a", "learned_normal_matches_count": 0, "learned_normal_adjustment": 0.0, "matched_accepted_case_ids": [], "excluded_normal_zones": [], "fp_zone_scores": []}
2026-09-09T21:30:58.641 POST /inspect-shm status=200 duration_ms=683.4
Headers: {"content-type": "application/json"}
Body: {"product_type": "bench-lan6#cam=5", "status": "ГОДЕН", "anomaly_score": 0.000588235294117647, "threshold": 0.607, "detector_id": "python-detector-fe1585063384", "raw_anomaly_score": 0.0, "rechecked_zones_count": 0, "recheck_adjustment": 0.0, "rechecked_zone_ids": [], "main_roi_score": 0.000588235294117647, "sub_zone_scores": [], "inspection_id": "fbdfb979-7ea4-4918-8901-27f781cc35f4", "learned_normal_matches_count": 0, "learned_normal_adjustment": 0.0, "matched_accepted_case_ids": [], "excluded_normal_zones": [], "fp_zone_scores": []}
2026-09-09T21:30:58.859 POST /inspect-shm status=200 duration_ms=849.4
Headers: {"content-type": "application/json"}
Body: {"product_type": "bench-lan5#cam=1", "status": "ГОДЕН", "anomaly_score": 0.1006107843137255, "threshold": 0.607, "detector_id": "python-detector-fe1585063384", "raw_anomaly_score": 0.1006107843137255, "rechecked_zones_count": 0, "recheck_adjustment": 0.0, "rechecked_zone_ids": [], "main_roi_score": 0.1006107843137255, "sub_zone_scores": [], "inspection_id": "5b554652-e642-4969-bf73-b797073e461d", "learned_normal_matches_count": 0, "learned_normal_adjustment": 0.0, "matched_accepted_case_ids": [], "excluded_normal_zones": [], "fp_zone_scores": []}
2026-09-09T21:30:58.937 POST /inspect-shm status=200 duration_ms=775.3
Headers: {"content-type": "application/json"}
Body: {"product_type": "bench-lan5#cam=0", "status": "ГОДЕН", "anomaly_score": 0.007058823529411765, "threshold": 0.607, "detector_id": "python-detector-fe1585063384", "raw_anomaly_score": 0.0, "rechecked_zones_count": 0, "recheck_adjustment": 0.0, "rechecked_zone_ids": [], "main_roi_score": 0.007058823529411765, "sub_zone_scores": [], "inspection_id": "f0daf497-087f-4000-865e-4674c91b3a6c", "learned_normal_matches_count": 0, "learned_normal_adjustment": 0.0, "matched_accepted_case_ids": [], "excluded_normal_zones": [], "fp_zone_scores": []}
2026-09-09T21:30:58.969 POST /inspect-shm status=200 duration_ms=865.9
Headers: {"content-type": "application/json"}
Body: {"product_type": "bench-lan5#cam=3", "status": "ГОДЕН", "anomaly_score": 0.006470588235294117, "threshold": 0.607, "detector_id": "python-detector-fe1585063384", "raw_anomaly_score": 0.0, "rechecked_zones_count": 0, "recheck_adjustment": 0.0, "rechecked_zone_ids": [], "main_roi_score": 0.006470588235294117, "sub_zone_scores": [], "inspection_id": "369deaa8-0980-4e6e-a061-d6fe760963df", "learned_normal_matches_count": 0, "learned_normal_adjustment": 0.0, "matched_accepted_case_ids": [], "excluded_normal_zones": [], "fp_zone_scores": []}
2026-09-09T21:30:59.047 POST /inspect-shm status=200 duration_ms=493.1
Headers: {"content-type": "application/json"}
Body: {"product_type": "bench-lan6#cam=6", "status": "ГОДЕН", "anomaly_score": 0.005294117647058823, "threshold": 0.607, "detector_id": "python-detector-fe1585063384", "raw_anomaly_score": 0.0, "rechecked_zones_count": 0, "recheck_adjustment": 0.0, "rechecked_zone_ids": [], "main_roi_score": 0.005294117647058823, "sub_zone_scores": [], "inspection_id": "51248bb6-049a-4891-aacd-148f83f08db1", "learned_normal_matches_count": 0, "learned_normal_adjustment": 0.0, "matched_accepted_case_ids": [], "excluded_normal_zones": [], "fp_zone_scores": []}
2026-09-09T21:31:08.726 POST /inspect-shm status=200 duration_ms=698.3
Headers: {"content-type": "application/json"}
Body: {"product_type": "bench-lan5#cam=3", "status": "ГОДЕН", "anomaly_score": 0.0058823529411764705, "threshold": 0.607, "detector_id": "python-detector-fe1585063384", "raw_anomaly_score": 0.0, "rechecked_zones_count": 0, "recheck_adjustment": 0.0, "rechecked_zone_ids": [], "main_roi_score": 0.0058823529411764705, "sub_zone_scores": [], "inspection_id": "73429c61-81ef-4d04-80b3-9c84dd19c0dd", "learned_normal_matches_count": 0, "learned_normal_adjustment": 0.0, "matched_accepted_case_ids": [], "excluded_normal_zones": [], "fp_zone_scores": []}
2026-09-09T21:31:08.931 POST /inspect-shm status=200 duration_ms=845.4
Headers: {"content-type": "application/json"}
Body: {"product_type": "bench-lan5#cam=4", "status": "ГОДЕН", "anomaly_score": 0.004705882352941176, "threshold": 0.607, "detector_id": "python-detector-fe1585063384", "raw_anomaly_score": 0.0, "rechecked_zones_count": 0, "recheck_adjustment": 0.0, "rechecked_zone_ids": [], "main_roi_score": 0.004705882352941176, "sub_zone_scores": [], "inspection_id": "1cfac14a-f0ed-45fd-b658-183b0447dcef", "learned_normal_matches_count": 0, "learned_normal_adjustment": 0.0, "matched_accepted_case_ids": [], "excluded_normal_zones": [], "fp_zone_scores": []}
2026-09-09T21:31:08.949 POST /inspect-shm status=200 duration_ms=744.2
Headers: {"content-type": "application/json"}
Body: {"product_type": "bench-lan6#cam=8", "status": "ГОДЕН", "anomaly_score": 0.002352941176470588, "threshold": 0.607, "detector_id": "python-detector-fe1585063384", "raw_anomaly_score": 0.0, "rechecked_zones_count": 0, "recheck_adjustment": 0.0, "rechecked_zone_ids": [], "main_roi_score": 0.002352941176470588, "sub_zone_scores": [], "inspection_id": "958ba91b-acb4-4075-af86-3ee84514f22b", "learned_normal_matches_count": 0, "learned_normal_adjustment": 0.0, "matched_accepted_case_ids": [], "excluded_normal_zones": [], "fp_zone_scores": []}
2026-09-09T21:31:09.011 POST /inspect-shm status=200 duration_ms=792.3
Headers: {"content-type": "application/json"}
Body: {"product_type": "bench-lan6#cam=9", "status": "ГОДЕН", "anomaly_score": 0.0029411764705882353, "threshold": 0.607, "detector_id": "python-detector-fe1585063384", "raw_anomaly_score": 0.0, "rechecked_zones_count": 0, "recheck_adjustment": 0.0, "rechecked_zone_ids": [], "main_roi_score": 0.0029411764705882353, "sub_zone_scores": [], "inspection_id": "80e049b1-8e34-4de0-937c-2fa811270fd2", "learned_normal_matches_count": 0, "learned_normal_adjustment": 0.0, "matched_accepted_case_ids": [], "excluded_normal_zones": [], "fp_zone_scores": [{"zone_id": "a0a764b1-1a34-45b0-b833-4b2e8bbea914", "triggered_vs_reference": false, "applied_fp_etalon": false, "residual_score": 0.0, "status": "SKIPPED", "note": "reference changed"}, {"zone_id": "7784e9ef-168a-4acc-a33f-945a38475708", "triggered_vs_reference": false, "applied_fp_etalon": false, "residual_score": 0.0, "status": "SKIPPED", "note": "reference changed"}, {"zone_id": "a8ba3867-093a-4a95-b3da-3f73b4888928", "triggered_vs_reference": false, "applied_fp_etalon": false, "residual_score": 0.0, "status": "SKIPPED", "note": "reference changed"}, {"zone_id": "c44bf278-f442-4475-969f-63e733d27fe7", "triggered_vs_reference": false, "applied_fp_etalon": false, "residual_score": 0.0, "status": "SKIPPED", "note": "reference changed"}, {"zone_id": "1e6db940-89d4-4757-a03e-913dc03cc43b", "triggered_vs_reference": false, "applied_fp_etalon": false, "residual_score": 0.0, "status": "ГОДЕН", "note": "zone quiet after main analysis"}]}
2026-09-09T21:31:09.183 POST /inspect-shm status=200 duration_ms=447.1
Headers: {"content-type": "application/json"}
Body: {"product_type": "bench-lan6#cam=6", "status": "ГОДЕН", "anomaly_score": 0.006470588235294117, "threshold": 0.607, "detector_id": "python-detector-fe1585063384", "raw_anomaly_score": 0.0, "rechecked_zones_count": 0, "recheck_adjustment": 0.0, "rechecked_zone_ids": [], "main_roi_score": 0.006470588235294117, "sub_zone_scores": [], "inspection_id": "1b9331ce-42ac-4ac7-b91a-f2cea954bbb1", "learned_normal_matches_count": 0, "learned_normal_adjustment": 0.0, "matched_accepted_case_ids": [], "excluded_normal_zones": [], "fp_zone_scores": []}
2026-09-09T21:31:18.854 POST /inspect-shm status=200 duration_ms=702.6
Headers: {"content-type": "application/json"}
Body: {"product_type": "bench-lan6#cam=8", "status": "ГОДЕН", "anomaly_score": 0.002352941176470588, "threshold": 0.607, "detector_id": "python-detector-fe1585063384", "raw_anomaly_score": 0.0, "rechecked_zones_count": 0, "recheck_adjustment": 0.0, "rechecked_zone_ids": [], "main_roi_score": 0.002352941176470588, "sub_zone_scores": [], "inspection_id": "348df8a2-ac2f-4d57-a7bb-59245cb17ee3", "learned_normal_matches_count": 0, "learned_normal_adjustment": 0.0, "matched_accepted_case_ids": [], "excluded_normal_zones": [], "fp_zone_scores": []}
2026-09-09T21:31:18.995 POST /inspect-shm status=200 duration_ms=751.2
Headers: {"content-type": "application/json"}
Body: {"product_type": "bench-lan6#cam=5", "status": "ГОДЕН", "anomaly_score": 0.001176470588235294, "threshold": 0.607, "detector_id": "python-detector-fe1585063384", "raw_anomaly_score": 0.0, "rechecked_zones_count": 0, "recheck_adjustment": 0.0, "rechecked_zone_ids": [], "main_roi_score": 0.001176470588235294, "sub_zone_scores": [], "inspection_id": "ecd37cea-b9fa-42cc-971f-4671e2f34532", "learned_normal_matches_count": 0, "learned_normal_adjustment": 0.0, "matched_accepted_case_ids": [], "excluded_normal_zones": [], "fp_zone_scores": []}
2026-09-09T21:31:18.995 POST /inspect-shm status=200 duration_ms=733.8
Headers: {"content-type": "application/json"}
Body: {"product_type": "bench-lan6#cam=7", "status": "ГОДЕН", "anomaly_score": 0.000588235294117647, "threshold": 0.607, "detector_id": "python-detector-fe1585063384", "raw_anomaly_score": 0.0, "rechecked_zones_count": 0, "recheck_adjustment": 0.0, "rechecked_zone_ids": [], "main_roi_score": 0.000588235294117647, "sub_zone_scores": [], "inspection_id": "9f662494-22c3-4eb2-90a9-29379e9cf3ee", "learned_normal_matches_count": 0, "learned_normal_adjustment": 0.0, "matched_accepted_case_ids": [], "excluded_normal_zones": [], "fp_zone_scores": []}
2026-09-09T21:31:19.088 POST /inspect-shm status=200 duration_ms=776.0
Headers: {"content-type": "application/json"}
Body: {"product_type": "bench-lan5#cam=4", "status": "ГОДЕН", "anomaly_score": 0.004705882352941176, "threshold": 0.607, "detector_id": "python-detector-fe1585063384", "raw_anomaly_score": 0.0, "rechecked_zones_count": 0, "recheck_adjustment": 0.0, "rechecked_zone_ids": [], "main_roi_score": 0.004705882352941176, "sub_zone_scores": [], "inspection_id": "c6260149-7652-4acd-8952-09f5cc1c5a46", "learned_normal_matches_count": 0, "learned_normal_adjustment": 0.0, "matched_accepted_case_ids": [], "excluded_normal_zones": [], "fp_zone_scores": []}
2026-09-09T21:31:19.260 POST /inspect-shm status=200 duration_ms=466.9
Headers: {"content-type": "application/json"}
Body: {"product_type": "bench-lan6#cam=6", "status": "ГОДЕН", "anomaly_score": 0.006470588235294117, "threshold": 0.607, "detector_id": "python-detector-fe1585063384", "raw_anomaly_score": 0.0, "rechecked_zones_count": 0, "recheck_adjustment": 0.0, "rechecked_zone_ids": [], "main_roi_score": 0.006470588235294117, "sub_zone_scores": [], "inspection_id": "4c094fd2-d140-46a0-82b2-a11702466a7c", "learned_normal_matches_count": 0, "learned_normal_adjustment": 0.0, "matched_accepted_case_ids": [], "excluded_normal_zones": [], "fp_zone_scores": []}
2026-09-09T21:31:28.963 POST /inspect-shm status=200 duration_ms=746.9
Headers: {"content-type": "application/json"}
Body: {"product_type": "bench-lan5#cam=4", "status": "ГОДЕН", "anomaly_score": 0.0058823529411764705, "threshold": 0.607, "detector_id": "python-detector-fe1585063384", "raw_anomaly_score": 0.0, "rechecked_zones_count": 0, "recheck_adjustment": 0.0, "rechecked_zone_ids": [], "main_roi_score": 0.0058823529411764705, "sub_zone_scores": [], "inspection_id": "65205fb8-a6b6-48d1-8ad5-1637e86e3508", "learned_normal_matches_count": 0, "learned_normal_adjustment": 0.0, "matched_accepted_case_ids": [], "excluded_normal_zones": [], "fp_zone_scores": []}
2026-09-09T21:31:29.119 POST /inspect-shm status=200 duration_ms=861.6
Headers: {"content-type": "application/json"}
Body: {"product_type": "bench-lan5#cam=1", "status": "ГОДЕН", "anomaly_score": 0.08406607843137257, "threshold": 0.607, "detector_id": "python-detector-fe1585063384", "raw_anomaly_score": 0.08406607843137257, "rechecked_zones_count": 0, "recheck_adjustment": 0.0, "rechecked_zone_ids": [], "main_roi_score": 0.08406607843137257, "sub_zone_scores": [], "inspection_id": "7abc5b1f-710d-4ca8-9dca-8c9b9edd0fdb", "learned_normal_matches_count": 0, "learned_normal_adjustment": 0.0, "matched_accepted_case_ids": [], "excluded_normal_zones": [], "fp_zone_scores": []}
2026-09-09T21:31:29.181 POST /inspect-shm status=200 duration_ms=884.9
Headers: {"content-type": "application/json"}
Body: {"product_type": "bench-lan5#cam=3", "status": "ГОДЕН", "anomaly_score": 0.007058823529411765, "threshold": 0.607, "detector_id": "python-detector-fe1585063384", "raw_anomaly_score": 0.0, "rechecked_zones_count": 0, "recheck_adjustment": 0.0, "rechecked_zone_ids": [], "main_roi_score": 0.007058823529411765, "sub_zone_scores": [], "inspection_id": "ee4ccf47-d169-4b5e-a27e-6fa63d64dc6f", "learned_normal_matches_count": 0, "learned_normal_adjustment": 0.0, "matched_accepted_case_ids": [], "excluded_normal_zones": [], "fp_zone_scores": []}
2026-09-09T21:31:29.197 POST /inspect-shm status=200 duration_ms=874.9
Headers: {"content-type": "application/json"}
Body: {"product_type": "bench-lan6#cam=9", "status": "ГОДЕН", "anomaly_score": 0.0029411764705882353, "threshold": 0.607, "detector_id": "python-detector-fe1585063384", "raw_anomaly_score": 0.0, "rechecked_zones_count": 0, "recheck_adjustment": 0.0, "rechecked_zone_ids": [], "main_roi_score": 0.0029411764705882353, "sub_zone_scores": [], "inspection_id": "b7b1933f-5a0d-46f7-aa41-8df0f6fa0c6d", "learned_normal_matches_count": 0, "learned_normal_adjustment": 0.0, "matched_accepted_case_ids": [], "excluded_normal_zones": [], "fp_zone_scores": [{"zone_id": "a0a764b1-1a34-45b0-b833-4b2e8bbea914", "triggered_vs_reference": false, "applied_fp_etalon": false, "residual_score": 0.0, "status": "SKIPPED", "note": "reference changed"}, {"zone_id": "7784e9ef-168a-4acc-a33f-945a38475708", "triggered_vs_reference": false, "applied_fp_etalon": false, "residual_score": 0.0, "status": "SKIPPED", "note": "reference changed"}, {"zone_id": "a8ba3867-093a-4a95-b3da-3f73b4888928", "triggered_vs_reference": false, "applied_fp_etalon": false, "residual_score": 0.0, "status": "SKIPPED", "note": "reference changed"}, {"zone_id": "c44bf278-f442-4475-969f-63e733d27fe7", "triggered_vs_reference": false, "applied_fp_etalon": false, "residual_score": 0.0, "status": "SKIPPED", "note": "reference changed"}, {"zone_id": "1e6db940-89d4-4757-a03e-913dc03cc43b", "triggered_vs_reference": false, "applied_fp_etalon": false, "residual_score": 0.0, "status": "ГОДЕН", "note": "zone quiet after main analysis"}]}
2026-09-09T21:31:29.334 POST /inspect-shm status=200 duration_ms=437.5
Headers: {"content-type": "application/json"}
Body: {"product_type": "bench-lan6#cam=6", "status": "ГОДЕН", "anomaly_score": 0.0058823529411764705, "threshold": 0.607, "detector_id": "python-detector-fe1585063384", "raw_anomaly_score": 0.0, "rechecked_zones_count": 0, "recheck_adjustment": 0.0, "rechecked_zone_ids": [], "main_roi_score": 0.0058823529411764705, "sub_zone_scores": [], "inspection_id": "5d00a8b6-c5ba-4d98-bda1-2d16ebe4f2e6", "learned_normal_matches_count": 0, "learned_normal_adjustment": 0.0, "matched_accepted_case_ids": [], "excluded_normal_zones": [], "fp_zone_scores": []}
2026-09-09T21:31:39.027 POST /inspect-shm status=200 duration_ms=715.4
Headers: {"content-type": "application/json"}
Body: {"product_type": "bench-lan5#cam=2", "status": "ГОДЕН", "anomaly_score": 0.004117647058823529, "threshold": 0.607, "detector_id": "python-detector-fe1585063384", "raw_anomaly_score": 0.0, "rechecked_zones_count": 0, "recheck_adjustment": 0.0, "rechecked_zone_ids": [], "main_roi_score": 0.004117647058823529, "sub_zone_scores": [], "inspection_id": "8ffc8604-c6fb-4d13-93ae-919a02d35fe2", "learned_normal_matches_count": 0, "learned_normal_adjustment": 0.0, "matched_accepted_case_ids": [], "excluded_normal_zones": [], "fp_zone_scores": []}
2026-09-09T21:31:39.121 POST /inspect-shm status=200 duration_ms=795.2
Headers: {"content-type": "application/json"}
Body: {"product_type": "bench-lan6#cam=8", "status": "ГОДЕН", "anomaly_score": 0.001764705882352941, "threshold": 0.607, "detector_id": "python-detector-fe1585063384", "raw_anomaly_score": 0.0, "rechecked_zones_count": 0, "recheck_adjustment": 0.0, "rechecked_zone_ids": [], "main_roi_score": 0.001764705882352941, "sub_zone_scores": [], "inspection_id": "0f548e75-059c-445d-8162-08da12956ac7", "learned_normal_matches_count": 0, "learned_normal_adjustment": 0.0, "matched_accepted_case_ids": [], "excluded_normal_zones": [], "fp_zone_scores": []}
2026-09-09T21:31:39.152 POST /inspect-shm status=200 duration_ms=770.1
Headers: {"content-type": "application/json"}
Body: {"product_type": "bench-lan6#cam=5", "status": "ГОДЕН", "anomaly_score": 0.000588235294117647, "threshold": 0.607, "detector_id": "python-detector-fe1585063384", "raw_anomaly_score": 0.0, "rechecked_zones_count": 0, "recheck_adjustment": 0.0, "rechecked_zone_ids": [], "main_roi_score": 0.000588235294117647, "sub_zone_scores": [], "inspection_id": "e9046154-b323-4f24-9c1e-6aa62a52739e", "learned_normal_matches_count": 0, "learned_normal_adjustment": 0.0, "matched_accepted_case_ids": [], "excluded_normal_zones": [], "fp_zone_scores": []}
2026-09-09T21:31:39.329 POST /inspect-shm status=200 duration_ms=815.3
Headers: {"content-type": "application/json"}
Body: {"product_type": "bench-lan5#cam=0", "status": "ГОДЕН", "anomaly_score": 0.00823529411764706, "threshold": 0.607, "detector_id": "python-detector-fe1585063384", "raw_anomaly_score": 0.0, "rechecked_zones_count": 0, "recheck_adjustment": 0.0, "rechecked_zone_ids": [], "main_roi_score": 0.00823529411764706, "sub_zone_scores": [], "inspection_id": "eb8d27c0-7d57-4d11-afc2-9cda3cdde238", "learned_normal_matches_count": 0, "learned_normal_adjustment": 0.0, "matched_accepted_case_ids": [], "excluded_normal_zones": [], "fp_zone_scores": []}
2026-09-09T21:31:39.381 POST /inspect-shm status=200 duration_ms=503.5
Headers: {"content-type": "application/json"}
Body: {"product_type": "bench-lan6#cam=6", "status": "ГОДЕН", "anomaly_score": 0.0058823529411764705, "threshold": 0.607, "detector_id": "python-detector-fe1585063384", "raw_anomaly_score": 0.0, "rechecked_zones_count": 0, "recheck_adjustment": 0.0, "rechecked_zone_ids": [], "main_roi_score": 0.0058823529411764705, "sub_zone_scores": [], "inspection_id": "14dab6d2-1251-4f2e-aacb-c533749e1d13", "learned_normal_matches_count": 0, "learned_normal_adjustment": 0.0, "matched_accepted_case_ids": [], "excluded_normal_zones": [], "fp_zone_scores": []}
2026-09-09T21:31:49.203 POST /inspect-shm status=200 duration_ms=802.3
Headers: {"content-type": "application/json"}
Body: {"product_type": "bench-lan5#cam=3", "status": "ГОДЕН", "anomaly_score": 0.0058823529411764705, "threshold": 0.607, "detector_id": "python-detector-fe1585063384", "raw_anomaly_score": 0.0, "rechecked_zones_count": 0, "recheck_adjustment": 0.0, "rechecked_zone_ids": [], "main_roi_score": 0.0058823529411764705, "sub_zone_scores": [], "inspection_id": "07eafd57-c023-4695-9e75-3c56748dcffe", "learned_normal_matches_count": 0, "learned_normal_adjustment": 0.0, "matched_accepted_case_ids": [], "excluded_normal_zones": [], "fp_zone_scores": []}
2026-09-09T21:31:49.203 POST /inspect-shm status=200 duration_ms=784.0
Headers: {"content-type": "application/json"}
Body: {"product_type": "bench-lan6#cam=7", "status": "ГОДЕН", "anomaly_score": 0.000588235294117647, "threshold": 0.607, "detector_id": "python-detector-fe1585063384", "raw_anomaly_score": 0.0, "rechecked_zones_count": 0, "recheck_adjustment": 0.0, "rechecked_zone_ids": [], "main_roi_score": 0.000588235294117647, "sub_zone_scores": [], "inspection_id": "8e08b14a-f347-42c7-bef4-c0e4729b2d4c", "learned_normal_matches_count": 0, "learned_normal_adjustment": 0.0, "matched_accepted_case_ids": [], "excluded_normal_zones": [], "fp_zone_scores": []}
2026-09-09T21:31:49.281 POST /inspect-shm status=200 duration_ms=790.8
Headers: {"content-type": "application/json"}
Body: {"product_type": "bench-lan6#cam=8", "status": "ГОДЕН", "anomaly_score": 0.002352941176470588, "threshold": 0.607, "detector_id": "python-detector-fe1585063384", "raw_anomaly_score": 0.0, "rechecked_zones_count": 0, "recheck_adjustment": 0.0, "rechecked_zone_ids": [], "main_roi_score": 0.002352941176470588, "sub_zone_scores": [], "inspection_id": "a36a2a2f-444d-4da6-9547-62811a85200c", "learned_normal_matches_count": 0, "learned_normal_adjustment": 0.0, "matched_accepted_case_ids": [], "excluded_normal_zones": [], "fp_zone_scores": []}
2026-09-09T21:31:49.361 POST /inspect-shm status=200 duration_ms=816.7
Headers: {"content-type": "application/json"}
Body: {"product_type": "bench-lan6#cam=9", "status": "ГОДЕН", "anomaly_score": 0.0029411764705882353, "threshold": 0.607, "detector_id": "python-detector-fe1585063384", "raw_anomaly_score": 0.0, "rechecked_zones_count": 0, "recheck_adjustment": 0.0, "rechecked_zone_ids": [], "main_roi_score": 0.0029411764705882353, "sub_zone_scores": [], "inspection_id": "0fdbc69e-81fc-45d2-aa15-0d79d80bf99f", "learned_normal_matches_count": 0, "learned_normal_adjustment": 0.0, "matched_accepted_case_ids": [], "excluded_normal_zones": [], "fp_zone_scores": [{"zone_id": "a0a764b1-1a34-45b0-b833-4b2e8bbea914", "triggered_vs_reference": false, "applied_fp_etalon": false, "residual_score": 0.0, "status": "SKIPPED", "note": "reference changed"}, {"zone_id": "7784e9ef-168a-4acc-a33f-945a38475708", "triggered_vs_reference": false, "applied_fp_etalon": false, "residual_score": 0.0, "status": "SKIPPED", "note": "reference changed"}, {"zone_id": "a8ba3867-093a-4a95-b3da-3f73b4888928", "triggered_vs_reference": false, "applied_fp_etalon": false, "residual_score": 0.0, "status": "SKIPPED", "note": "reference changed"}, {"zone_id": "c44bf278-f442-4475-969f-63e733d27fe7", "triggered_vs_reference": false, "applied_fp_etalon": false, "residual_score": 0.0, "status": "SKIPPED", "note": "reference changed"}, {"zone_id": "1e6db940-89d4-4757-a03e-913dc03cc43b", "triggered_vs_reference": false, "applied_fp_etalon": false, "residual_score": 0.0, "status": "ГОДЕН", "note": "zone quiet after main analysis"}]}
2026-09-09T21:31:49.517 POST /inspect-shm status=200 duration_ms=439.5
Headers: {"content-type": "application/json"}
Body: {"product_type": "bench-lan6#cam=6", "status": "ГОДЕН", "anomaly_score": 0.007058823529411765, "threshold": 0.607, "detector_id": "python-detector-fe1585063384", "raw_anomaly_score": 0.0, "rechecked_zones_count": 0, "recheck_adjustment": 0.0, "rechecked_zone_ids": [], "main_roi_score": 0.007058823529411765, "sub_zone_scores": [], "inspection_id": "425b06fa-fde4-425a-89aa-3cb6ed1ab7ce", "learned_normal_matches_count": 0, "learned_normal_adjustment": 0.0, "matched_accepted_case_ids": [], "excluded_normal_zones": [], "fp_zone_scores": []}
2026-09-09T21:31:59.387 POST /inspect-shm status=200 duration_ms=838.4
Headers: {"content-type": "application/json"}
Body: {"product_type": "bench-lan5#cam=4", "status": "ГОДЕН", "anomaly_score": 0.0035294117647058825, "threshold": 0.607, "detector_id": "python-detector-fe1585063384", "raw_anomaly_score": 0.0, "rechecked_zones_count": 0, "recheck_adjustment": 0.0, "rechecked_zone_ids": [], "main_roi_score": 0.0035294117647058825, "sub_zone_scores": [], "inspection_id": "ace3706c-d4f5-40dd-b8f1-8786000b474c", "learned_normal_matches_count": 0, "learned_normal_adjustment": 0.0, "matched_accepted_case_ids": [], "excluded_normal_zones": [], "fp_zone_scores": []}
2026-09-09T21:31:59.405 POST /inspect-shm status=200 duration_ms=917.3
Headers: {"content-type": "application/json"}
Body: {"product_type": "bench-lan5#cam=3", "status": "ГОДЕН", "anomaly_score": 0.007647058823529411, "threshold": 0.607, "detector_id": "python-detector-fe1585063384", "raw_anomaly_score": 0.0, "rechecked_zones_count": 0, "recheck_adjustment": 0.0, "rechecked_zone_ids": [], "main_roi_score": 0.007647058823529411, "sub_zone_scores": [], "inspection_id": "cb3f254d-26b3-45d9-9956-be58b0606fd1", "learned_normal_matches_count": 0, "learned_normal_adjustment": 0.0, "matched_accepted_case_ids": [], "excluded_normal_zones": [], "fp_zone_scores": []}
2026-09-09T21:31:59.451 POST /inspect-shm status=200 duration_ms=845.1
Headers: {"content-type": "application/json"}
Body: {"product_type": "bench-lan5#cam=0", "status": "ГОДЕН", "anomaly_score": 0.007647058823529411, "threshold": 0.607, "detector_id": "python-detector-fe1585063384", "raw_anomaly_score": 0.0, "rechecked_zones_count": 0, "recheck_adjustment": 0.0, "rechecked_zone_ids": [], "main_roi_score": 0.007647058823529411, "sub_zone_scores": [], "inspection_id": "db9a156f-30fd-4a1b-bbaf-4f8d69406945", "learned_normal_matches_count": 0, "learned_normal_adjustment": 0.0, "matched_accepted_case_ids": [], "excluded_normal_zones": [], "fp_zone_scores": []}
2026-09-09T21:31:59.483 POST /inspect-shm status=200 duration_ms=833.4
Headers: {"content-type": "application/json"}
Body: {"product_type": "bench-lan6#cam=8", "status": "ГОДЕН", "anomaly_score": 0.002352941176470588, "threshold": 0.607, "detector_id": "python-detector-fe1585063384", "raw_anomaly_score": 0.0, "rechecked_zones_count": 0, "recheck_adjustment": 0.0, "rechecked_zone_ids": [], "main_roi_score": 0.002352941176470588, "sub_zone_scores": [], "inspection_id": "78384475-4cc0-40c1-9cb3-c55f0b76aa7b", "learned_normal_matches_count": 0, "learned_normal_adjustment": 0.0, "matched_accepted_case_ids": [], "excluded_normal_zones": [], "fp_zone_scores": []}
2026-09-09T21:31:59.620 POST /inspect-shm status=200 duration_ms=462.4
Headers: {"content-type": "application/json"}
Body: {"product_type": "bench-lan6#cam=6", "status": "ГОДЕН", "anomaly_score": 0.0058823529411764705, "threshold": 0.607, "detector_id": "python-detector-fe1585063384", "raw_anomaly_score": 0.0, "rechecked_zones_count": 0, "recheck_adjustment": 0.0, "rechecked_zone_ids": [], "main_roi_score": 0.0058823529411764705, "sub_zone_scores": [], "inspection_id": "89b99fd8-8177-4c17-a62a-80497fede482", "learned_normal_matches_count": 0, "learned_normal_adjustment": 0.0, "matched_accepted_case_ids": [], "excluded_normal_zones": [], "fp_zone_scores": []}
2026-09-09T21:32:09.275 POST /inspect-shm status=200 duration_ms=725.8
Headers: {"content-type": "application/json"}
Body: {"product_type": "bench-lan5#cam=3", "status": "ГОДЕН", "anomaly_score": 0.006470588235294117, "threshold": 0.607, "detector_id": "python-detector-fe1585063384", "raw_anomaly_score": 0.0, "rechecked_zones_count": 0, "recheck_adjustment": 0.0, "rechecked_zone_ids": [], "main_roi_score": 0.006470588235294117, "sub_zone_scores": [], "inspection_id": "a4c6b1ce-6c5a-4c91-997f-892e5748a863", "learned_normal_matches_count": 0, "learned_normal_adjustment": 0.0, "matched_accepted_case_ids": [], "excluded_normal_zones": [], "fp_zone_scores": []}
2026-09-09T21:32:09.339 POST /inspect-shm status=200 duration_ms=766.1
Headers: {"content-type": "application/json"}
Body: {"product_type": "bench-lan5#cam=1", "status": "ГОДЕН", "anomaly_score": 0.004117647058823529, "threshold": 0.607, "detector_id": "python-detector-fe1585063384", "raw_anomaly_score": 0.0, "rechecked_zones_count": 0, "recheck_adjustment": 0.0, "rechecked_zone_ids": [], "main_roi_score": 0.004117647058823529, "sub_zone_scores": [], "inspection_id": "cfbf2ae4-1604-4161-b514-19a1d1f5e5c9", "learned_normal_matches_count": 0, "learned_normal_adjustment": 0.0, "matched_accepted_case_ids": [], "excluded_normal_zones": [], "fp_zone_scores": []}
2026-09-09T21:32:09.372 POST /inspect-shm status=200 duration_ms=765.1
Headers: {"content-type": "application/json"}
Body: {"product_type": "bench-lan6#cam=5", "status": "ГОДЕН", "anomaly_score": 0.001764705882352941, "threshold": 0.607, "detector_id": "python-detector-fe1585063384", "raw_anomaly_score": 0.0, "rechecked_zones_count": 0, "recheck_adjustment": 0.0, "rechecked_zone_ids": [], "main_roi_score": 0.001764705882352941, "sub_zone_scores": [], "inspection_id": "0a674184-3800-4cda-a58e-c78174e3b368", "learned_normal_matches_count": 0, "learned_normal_adjustment": 0.0, "matched_accepted_case_ids": [], "excluded_normal_zones": [], "fp_zone_scores": []}
2026-09-09T21:32:09.441 POST /inspect-shm status=200 duration_ms=700.9
Headers: {"content-type": "application/json"}
Body: {"product_type": "bench-lan5#cam=0", "status": "ГОДЕН", "anomaly_score": 0.007058823529411765, "threshold": 0.607, "detector_id": "python-detector-fe1585063384", "raw_anomaly_score": 0.0, "rechecked_zones_count": 0, "recheck_adjustment": 0.0, "rechecked_zone_ids": [], "main_roi_score": 0.007058823529411765, "sub_zone_scores": [], "inspection_id": "929b1532-788c-437b-9e04-efb5ab86d698", "learned_normal_matches_count": 0, "learned_normal_adjustment": 0.0, "matched_accepted_case_ids": [], "excluded_normal_zones": [], "fp_zone_scores": []}
2026-09-09T21:32:09.599 POST /inspect-shm status=200 duration_ms=361.6
Headers: {"content-type": "application/json"}
Body: {"product_type": "bench-lan6#cam=6", "status": "ГОДЕН", "anomaly_score": 0.0058823529411764705, "threshold": 0.607, "detector_id": "python-detector-fe1585063384", "raw_anomaly_score": 0.0, "rechecked_zones_count": 0, "recheck_adjustment": 0.0, "rechecked_zone_ids": [], "main_roi_score": 0.0058823529411764705, "sub_zone_scores": [], "inspection_id": "b39c3d5f-8d4d-4f41-b676-9a840133c049", "learned_normal_matches_count": 0, "learned_normal_adjustment": 0.0, "matched_accepted_case_ids": [], "excluded_normal_zones": [], "fp_zone_scores": []}
2026-09-09T21:32:19.317 POST /inspect-shm status=200 duration_ms=681.4
Headers: {"content-type": "application/json"}
Body: {"product_type": "bench-lan6#cam=5", "status": "ГОДЕН", "anomaly_score": 0.000588235294117647, "threshold": 0.607, "detector_id": "python-detector-fe1585063384", "raw_anomaly_score": 0.0, "rechecked_zones_count": 0, "recheck_adjustment": 0.0, "rechecked_zone_ids": [], "main_roi_score": 0.000588235294117647, "sub_zone_scores": [], "inspection_id": "d69c60d7-741a-4829-8a3f-39ebc7f4917a", "learned_normal_matches_count": 0, "learned_normal_adjustment": 0.0, "matched_accepted_case_ids": [], "excluded_normal_zones": [], "fp_zone_scores": []}
2026-09-09T21:32:19.506 POST /inspect-shm status=200 duration_ms=794.1
Headers: {"content-type": "application/json"}
Body: {"product_type": "bench-lan5#cam=1", "status": "ГОДЕН", "anomaly_score": 0.009411764705882352, "threshold": 0.607, "detector_id": "python-detector-fe1585063384", "raw_anomaly_score": 0.0, "rechecked_zones_count": 0, "recheck_adjustment": 0.0, "rechecked_zone_ids": [], "main_roi_score": 0.009411764705882352, "sub_zone_scores": [], "inspection_id": "f4a4b00d-9c75-49e0-aaa3-2aa1d3f7b6f0", "learned_normal_matches_count": 0, "learned_normal_adjustment": 0.0, "matched_accepted_case_ids": [], "excluded_normal_zones": [], "fp_zone_scores": []}
2026-09-09T21:32:19.552 POST /inspect-shm status=200 duration_ms=724.1
Headers: {"content-type": "application/json"}
Body: {"product_type": "bench-lan5#cam=3", "status": "ГОДЕН", "anomaly_score": 0.0058823529411764705, "threshold": 0.607, "detector_id": "python-detector-fe1585063384", "raw_anomaly_score": 0.0, "rechecked_zones_count": 0, "recheck_adjustment": 0.0, "rechecked_zone_ids": [], "main_roi_score": 0.0058823529411764705, "sub_zone_scores": [], "inspection_id": "77888c83-9ebd-4f6c-9609-7ab5f354cf96", "learned_normal_matches_count": 0, "learned_normal_adjustment": 0.0, "matched_accepted_case_ids": [], "excluded_normal_zones": [], "fp_zone_scores": []}
2026-09-09T21:32:19.575 POST /inspect-shm status=200 duration_ms=783.9
Headers: {"content-type": "application/json"}
Body: {"product_type": "bench-lan6#cam=7", "status": "ГОДЕН", "anomaly_score": 0.16974771241830067, "threshold": 0.607, "detector_id": "python-detector-fe1585063384", "raw_anomaly_score": 0.16974771241830067, "rechecked_zones_count": 0, "recheck_adjustment": 0.0, "rechecked_zone_ids": [], "main_roi_score": 0.16974771241830067, "sub_zone_scores": [], "inspection_id": "b322fa70-91d1-44a2-b6d8-c23d225fd4bb", "learned_normal_matches_count": 0, "learned_normal_adjustment": 0.0, "matched_accepted_case_ids": [], "excluded_normal_zones": [], "fp_zone_scores": []}
2026-09-09T21:32:19.749 POST /inspect-shm status=200 duration_ms=432.3
Headers: {"content-type": "application/json"}
Body: {"product_type": "bench-lan6#cam=6", "status": "ГОДЕН", "anomaly_score": 0.00823529411764706, "threshold": 0.607, "detector_id": "python-detector-fe1585063384", "raw_anomaly_score": 0.0, "rechecked_zones_count": 0, "recheck_adjustment": 0.0, "rechecked_zone_ids": [], "main_roi_score": 0.00823529411764706, "sub_zone_scores": [], "inspection_id": "3ea3e61b-a6fa-4522-b10f-d3dd171852dc", "learned_normal_matches_count": 0, "learned_normal_adjustment": 0.0, "matched_accepted_case_ids": [], "excluded_normal_zones": [], "fp_zone_scores": []}
2026-09-09T21:32:29.491 POST /inspect-shm status=200 duration_ms=735.5
Headers: {"content-type": "application/json"}
Body: {"product_type": "bench-lan5#cam=4", "status": "ГОДЕН", "anomaly_score": 0.0029411764705882353, "threshold": 0.607, "detector_id": "python-detector-fe1585063384", "raw_anomaly_score": 0.0, "rechecked_zones_count": 0, "recheck_adjustment": 0.0, "rechecked_zone_ids": [], "main_roi_score": 0.0029411764705882353, "sub_zone_scores": [], "inspection_id": "29cb10db-0148-49b7-863b-2bdc189df17d", "learned_normal_matches_count": 0, "learned_normal_adjustment": 0.0, "matched_accepted_case_ids": [], "excluded_normal_zones": [], "fp_zone_scores": []}
2026-09-09T21:32:29.637 POST /inspect-shm status=200 duration_ms=784.9
Headers: {"content-type": "application/json"}
Body: {"product_type": "bench-lan5#cam=0", "status": "ГОДЕН", "anomaly_score": 0.007647058823529411, "threshold": 0.607, "detector_id": "python-detector-fe1585063384", "raw_anomaly_score": 0.0, "rechecked_zones_count": 0, "recheck_adjustment": 0.0, "rechecked_zone_ids": [], "main_roi_score": 0.007647058823529411, "sub_zone_scores": [], "inspection_id": "86fb755f-ff34-4d22-92b8-0056fb05f0d5", "learned_normal_matches_count": 0, "learned_normal_adjustment": 0.0, "matched_accepted_case_ids": [], "excluded_normal_zones": [], "fp_zone_scores": []}
2026-09-09T21:32:29.647 POST /inspect-shm status=200 duration_ms=770.3
Headers: {"content-type": "application/json"}
Body: {"product_type": "bench-lan6#cam=7", "status": "ГОДЕН", "anomaly_score": 0.0029411764705882353, "threshold": 0.607, "detector_id": "python-detector-fe1585063384", "raw_anomaly_score": 0.0, "rechecked_zones_count": 0, "recheck_adjustment": 0.0, "rechecked_zone_ids": [], "main_roi_score": 0.0029411764705882353, "sub_zone_scores": [], "inspection_id": "0f87296f-1e15-4e2f-b941-2b6241f18efe", "learned_normal_matches_count": 0, "learned_normal_adjustment": 0.0, "matched_accepted_case_ids": [], "excluded_normal_zones": [], "fp_zone_scores": []}
2026-09-09T21:32:29.682 POST /inspect-shm status=200 duration_ms=758.2
Headers: {"content-type": "application/json"}
Body: {"product_type": "bench-lan6#cam=8", "status": "ГОДЕН", "anomaly_score": 0.002352941176470588, "threshold": 0.607, "detector_id": "python-detector-fe1585063384", "raw_anomaly_score": 0.0, "rechecked_zones_count": 0, "recheck_adjustment": 0.0, "rechecked_zone_ids": [], "main_roi_score": 0.002352941176470588, "sub_zone_scores": [], "inspection_id": "fa4fd43a-5c8a-4282-8064-f123d6bd9828", "learned_normal_matches_count": 0, "learned_normal_adjustment": 0.0, "matched_accepted_case_ids": [], "excluded_normal_zones": [], "fp_zone_scores": []}
2026-09-09T21:32:29.863 POST /inspect-shm status=200 duration_ms=457.8
Headers: {"content-type": "application/json"}
Body: {"product_type": "bench-lan6#cam=6", "status": "ГОДЕН", "anomaly_score": 0.006470588235294117, "threshold": 0.607, "detector_id": "python-detector-fe1585063384", "raw_anomaly_score": 0.0, "rechecked_zones_count": 0, "recheck_adjustment": 0.0, "rechecked_zone_ids": [], "main_roi_score": 0.006470588235294117, "sub_zone_scores": [], "inspection_id": "23381bfe-c1ae-44bd-9007-9e6e75eb27b3", "learned_normal_matches_count": 0, "learned_normal_adjustment": 0.0, "matched_accepted_case_ids": [], "excluded_normal_zones": [], "fp_zone_scores": []}
2026-09-09T21:32:39.550 POST /inspect-shm status=200 duration_ms=721.1
Headers: {"content-type": "application/json"}
Body: {"product_type": "bench-lan6#cam=5", "status": "ГОДЕН", "anomaly_score": 0.000588235294117647, "threshold": 0.607, "detector_id": "python-detector-fe1585063384", "raw_anomaly_score": 0.0, "rechecked_zones_count": 0, "recheck_adjustment": 0.0, "rechecked_zone_ids": [], "main_roi_score": 0.000588235294117647, "sub_zone_scores": [], "inspection_id": "6d96efa0-9846-4154-9b76-5344b4c6f164", "learned_normal_matches_count": 0, "learned_normal_adjustment": 0.0, "matched_accepted_case_ids": [], "excluded_normal_zones": [], "fp_zone_scores": []}
2026-09-09T21:32:39.664 POST /inspect-shm status=200 duration_ms=780.7
Headers: {"content-type": "application/json"}
Body: {"product_type": "bench-lan5#cam=0", "status": "ГОДЕН", "anomaly_score": 0.00823529411764706, "threshold": 0.607, "detector_id": "python-detector-fe1585063384", "raw_anomaly_score": 0.0, "rechecked_zones_count": 0, "recheck_adjustment": 0.0, "rechecked_zone_ids": [], "main_roi_score": 0.00823529411764706, "sub_zone_scores": [], "inspection_id": "7f2b03a3-f9dc-49bc-b4e4-ad3a061d4972", "learned_normal_matches_count": 0, "learned_normal_adjustment": 0.0, "matched_accepted_case_ids": [], "excluded_normal_zones": [], "fp_zone_scores": []}
2026-09-09T21:32:39.730 POST /inspect-shm status=200 duration_ms=747.3
Headers: {"content-type": "application/json"}
Body: {"product_type": "bench-lan6#cam=8", "status": "ГОДЕН", "anomaly_score": 0.002352941176470588, "threshold": 0.607, "detector_id": "python-detector-fe1585063384", "raw_anomaly_score": 0.0, "rechecked_zones_count": 0, "recheck_adjustment": 0.0, "rechecked_zone_ids": [], "main_roi_score": 0.002352941176470588, "sub_zone_scores": [], "inspection_id": "24355491-ae92-4303-b029-977fd6a5d725", "learned_normal_matches_count": 0, "learned_normal_adjustment": 0.0, "matched_accepted_case_ids": [], "excluded_normal_zones": [], "fp_zone_scores": []}
2026-09-09T21:32:39.737 POST /inspect-shm status=200 duration_ms=815.1
Headers: {"content-type": "application/json"}
Body: {"product_type": "bench-lan5#cam=1", "status": "ГОДЕН", "anomaly_score": 0.006470588235294118, "threshold": 0.607, "detector_id": "python-detector-fe1585063384", "raw_anomaly_score": 0.0, "rechecked_zones_count": 0, "recheck_adjustment": 0.0, "rechecked_zone_ids": [], "main_roi_score": 0.006470588235294118, "sub_zone_scores": [], "inspection_id": "ad476896-7d51-4269-9e0c-af67c608e3d8", "learned_normal_matches_count": 0, "learned_normal_adjustment": 0.0, "matched_accepted_case_ids": [], "excluded_normal_zones": [], "fp_zone_scores": []}
2026-09-09T21:32:39.941 POST /inspect-shm status=200 duration_ms=434.8
Headers: {"content-type": "application/json"}
Body: {"product_type": "bench-lan6#cam=6", "status": "ГОДЕН", "anomaly_score": 0.006470588235294117, "threshold": 0.607, "detector_id": "python-detector-fe1585063384", "raw_anomaly_score": 0.0, "rechecked_zones_count": 0, "recheck_adjustment": 0.0, "rechecked_zone_ids": [], "main_roi_score": 0.006470588235294117, "sub_zone_scores": [], "inspection_id": "49f631c2-4915-49a6-bfbf-f761203545f6", "learned_normal_matches_count": 0, "learned_normal_adjustment": 0.0, "matched_accepted_case_ids": [], "excluded_normal_zones": [], "fp_zone_scores": []}
2026-09-09T21:32:49.643 POST /inspect-shm status=200 duration_ms=723.0
Headers: {"content-type": "application/json"}
Body: {"product_type": "bench-lan5#cam=1", "status": "ГОДЕН", "anomaly_score": 0.004705882352941176, "threshold": 0.607, "detector_id": "python-detector-fe1585063384", "raw_anomaly_score": 0.0, "rechecked_zones_count": 0, "recheck_adjustment": 0.0, "rechecked_zone_ids": [], "main_roi_score": 0.004705882352941176, "sub_zone_scores": [], "inspection_id": "936e6551-49d3-4264-9e25-e4f0fd6b5316", "learned_normal_matches_count": 0, "learned_normal_adjustment": 0.0, "matched_accepted_case_ids": [], "excluded_normal_zones": [], "fp_zone_scores": []}
2026-09-09T21:32:49.654 POST /inspect-shm status=200 duration_ms=690.1
Headers: {"content-type": "application/json"}
Body: {"product_type": "bench-lan6#cam=7", "status": "ГОДЕН", "anomaly_score": 0.000588235294117647, "threshold": 0.607, "detector_id": "python-detector-fe1585063384", "raw_anomaly_score": 0.0, "rechecked_zones_count": 0, "recheck_adjustment": 0.0, "rechecked_zone_ids": [], "main_roi_score": 0.000588235294117647, "sub_zone_scores": [], "inspection_id": "bb448903-9a73-450c-877f-a8557387363b", "learned_normal_matches_count": 0, "learned_normal_adjustment": 0.0, "matched_accepted_case_ids": [], "excluded_normal_zones": [], "fp_zone_scores": []}
2026-09-09T21:32:49.772 POST /inspect-shm status=200 duration_ms=729.7
Headers: {"content-type": "application/json"}
Body: {"product_type": "bench-lan6#cam=5", "status": "ГОДЕН", "anomaly_score": 0.001764705882352941, "threshold": 0.607, "detector_id": "python-detector-fe1585063384", "raw_anomaly_score": 0.0, "rechecked_zones_count": 0, "recheck_adjustment": 0.0, "rechecked_zone_ids": [], "main_roi_score": 0.001764705882352941, "sub_zone_scores": [], "inspection_id": "936b29af-deb4-4997-9ecc-f0182cc7975a", "learned_normal_matches_count": 0, "learned_normal_adjustment": 0.0, "matched_accepted_case_ids": [], "excluded_normal_zones": [], "fp_zone_scores": []}
2026-09-09T21:32:49.900 POST /inspect-shm status=200 duration_ms=810.4
Headers: {"content-type": "application/json"}
Body: {"product_type": "bench-lan6#cam=9", "status": "ГОДЕН", "anomaly_score": 0.004705882352941176, "threshold": 0.607, "detector_id": "python-detector-fe1585063384", "raw_anomaly_score": 0.1134807843137255, "rechecked_zones_count": 0, "recheck_adjustment": 0.1134807843137255, "rechecked_zone_ids": [], "main_roi_score": 0.004705882352941176, "sub_zone_scores": [], "inspection_id": "9b63b65e-babc-4af1-b525-9c92918f16af", "learned_normal_matches_count": 0, "learned_normal_adjustment": 0.0, "matched_accepted_case_ids": [], "excluded_normal_zones": [], "fp_zone_scores": [{"zone_id": "a0a764b1-1a34-45b0-b833-4b2e8bbea914", "triggered_vs_reference": false, "applied_fp_etalon": false, "residual_score": 0.0, "status": "SKIPPED", "note": "reference changed"}, {"zone_id": "7784e9ef-168a-4acc-a33f-945a38475708", "triggered_vs_reference": false, "applied_fp_etalon": false, "residual_score": 0.0, "status": "SKIPPED", "note": "reference changed"}, {"zone_id": "a8ba3867-093a-4a95-b3da-3f73b4888928", "triggered_vs_reference": false, "applied_fp_etalon": false, "residual_score": 0.0, "status": "SKIPPED", "note": "reference changed"}, {"zone_id": "c44bf278-f442-4475-969f-63e733d27fe7", "triggered_vs_reference": false, "applied_fp_etalon": false, "residual_score": 0.0, "status": "SKIPPED", "note": "reference changed"}, {"zone_id": "1e6db940-89d4-4757-a03e-913dc03cc43b", "triggered_vs_reference": false, "applied_fp_etalon": false, "residual_score": 0.0, "status": "ГОДЕН", "note": "zone quiet after main analysis"}]}
2026-09-09T21:32:49.995 POST /inspect-shm status=200 duration_ms=408.1
Headers: {"content-type": "application/json"}
Body: {"product_type": "bench-lan6#cam=6", "status": "ГОДЕН", "anomaly_score": 0.006470588235294117, "threshold": 0.607, "detector_id": "python-detector-fe1585063384", "raw_anomaly_score": 0.0, "rechecked_zones_count": 0, "recheck_adjustment": 0.0, "rechecked_zone_ids": [], "main_roi_score": 0.006470588235294117, "sub_zone_scores": [], "inspection_id": "3d2cd91c-ec98-46a0-9179-5ffdb8969fe8", "learned_normal_matches_count": 0, "learned_normal_adjustment": 0.0, "matched_accepted_case_ids": [], "excluded_normal_zones": [], "fp_zone_scores": []}
2026-09-09T21:32:59.786 POST /inspect-shm status=200 duration_ms=761.7
Headers: {"content-type": "application/json"}
Body: {"product_type": "bench-lan6#cam=8", "status": "ГОДЕН", "anomaly_score": 0.001764705882352941, "threshold": 0.607, "detector_id": "python-detector-fe1585063384", "raw_anomaly_score": 0.0, "rechecked_zones_count": 0, "recheck_adjustment": 0.0, "rechecked_zone_ids": [], "main_roi_score": 0.001764705882352941, "sub_zone_scores": [], "inspection_id": "3b8624a6-bf15-478a-9955-d408bf62bfe8", "learned_normal_matches_count": 0, "learned_normal_adjustment": 0.0, "matched_accepted_case_ids": [], "excluded_normal_zones": [], "fp_zone_scores": []}
2026-09-09T21:32:59.797 POST /inspect-shm status=200 duration_ms=774.8
Headers: {"content-type": "application/json"}
Body: {"product_type": "bench-lan5#cam=1", "status": "ГОДЕН", "anomaly_score": 0.001764705882352941, "threshold": 0.607, "detector_id": "python-detector-fe1585063384", "raw_anomaly_score": 0.0, "rechecked_zones_count": 0, "recheck_adjustment": 0.0, "rechecked_zone_ids": [], "main_roi_score": 0.001764705882352941, "sub_zone_scores": [], "inspection_id": "09d34abb-5dd8-4ebf-94c8-6826d86b80ec", "learned_normal_matches_count": 0, "learned_normal_adjustment": 0.0, "matched_accepted_case_ids": [], "excluded_normal_zones": [], "fp_zone_scores": []}
2026-09-09T21:32:59.859 POST /inspect-shm status=200 duration_ms=693.5
Headers: {"content-type": "application/json"}
Body: {"product_type": "bench-lan6#cam=7", "status": "ГОДЕН", "anomaly_score": 0.000588235294117647, "threshold": 0.607, "detector_id": "python-detector-fe1585063384", "raw_anomaly_score": 0.0, "rechecked_zones_count": 0, "recheck_adjustment": 0.0, "rechecked_zone_ids": [], "main_roi_score": 0.000588235294117647, "sub_zone_scores": [], "inspection_id": "d053dc73-3a82-482a-9c6e-4686b967cf27", "learned_normal_matches_count": 0, "learned_normal_adjustment": 0.0, "matched_accepted_case_ids": [], "excluded_normal_zones": [], "fp_zone_scores": []}
2026-09-09T21:32:59.911 POST /inspect-shm status=200 duration_ms=749.1
Headers: {"content-type": "application/json"}
Body: {"product_type": "bench-lan5#cam=3", "status": "ГОДЕН", "anomaly_score": 0.004705882352941176, "threshold": 0.607, "detector_id": "python-detector-fe1585063384", "raw_anomaly_score": 0.0, "rechecked_zones_count": 0, "recheck_adjustment": 0.0, "rechecked_zone_ids": [], "main_roi_score": 0.004705882352941176, "sub_zone_scores": [], "inspection_id": "9502bc47-e16b-4e94-8ce2-5ebad553bb0f", "learned_normal_matches_count": 0, "learned_normal_adjustment": 0.0, "matched_accepted_case_ids": [], "excluded_normal_zones": [], "fp_zone_scores": []}
2026-09-09T21:33:00.058 POST /inspect-shm status=200 duration_ms=515.4
Headers: {"content-type": "application/json"}
Body: {"product_type": "bench-lan6#cam=6", "status": "ГОДЕН", "anomaly_score": 0.006470588235294117, "threshold": 0.607, "detector_id": "python-detector-fe1585063384", "raw_anomaly_score": 0.0, "rechecked_zones_count": 0, "recheck_adjustment": 0.0, "rechecked_zone_ids": [], "main_roi_score": 0.006470588235294117, "sub_zone_scores": [], "inspection_id": "847c154a-e539-45bf-8ab2-ad43e8ea6be6", "learned_normal_matches_count": 0, "learned_normal_adjustment": 0.0, "matched_accepted_case_ids": [], "excluded_normal_zones": [], "fp_zone_scores": []}
2026-09-09T21:33:09.861 POST /inspect-shm status=200 duration_ms=753.7
Headers: {"content-type": "application/json"}
Body: {"product_type": "bench-lan5#cam=1", "status": "ГОДЕН", "anomaly_score": 0.001764705882352941, "threshold": 0.607, "detector_id": "python-detector-fe1585063384", "raw_anomaly_score": 0.0, "rechecked_zones_count": 0, "recheck_adjustment": 0.0, "rechecked_zone_ids": [], "main_roi_score": 0.001764705882352941, "sub_zone_scores": [], "inspection_id": "9f38e9fe-40d3-41b1-badf-a9b3cee8a013", "learned_normal_matches_count": 0, "learned_normal_adjustment": 0.0, "matched_accepted_case_ids": [], "excluded_normal_zones": [], "fp_zone_scores": []}
2026-09-09T21:33:09.996 POST /inspect-shm status=200 duration_ms=767.0
Headers: {"content-type": "application/json"}
Body: {"product_type": "bench-lan5#cam=4", "status": "ГОДЕН", "anomaly_score": 0.000588235294117647, "threshold": 0.607, "detector_id": "python-detector-fe1585063384", "raw_anomaly_score": 0.0, "rechecked_zones_count": 0, "recheck_adjustment": 0.0, "rechecked_zone_ids": [], "main_roi_score": 0.000588235294117647, "sub_zone_scores": [], "inspection_id": "2c177e92-83c4-472b-8ffb-4dc496f85d98", "learned_normal_matches_count": 0, "learned_normal_adjustment": 0.0, "matched_accepted_case_ids": [], "excluded_normal_zones": [], "fp_zone_scores": []}
2026-09-09T21:33:10.008 POST /inspect-shm status=200 duration_ms=792.1
Headers: {"content-type": "application/json"}
Body: {"product_type": "bench-lan5#cam=3", "status": "ГОДЕН", "anomaly_score": 0.0058823529411764705, "threshold": 0.607, "detector_id": "python-detector-fe1585063384", "raw_anomaly_score": 0.0, "rechecked_zones_count": 0, "recheck_adjustment": 0.0, "rechecked_zone_ids": [], "main_roi_score": 0.0058823529411764705, "sub_zone_scores": [], "inspection_id": "cc01564b-1d0d-4565-9e82-98f0d425f154", "learned_normal_matches_count": 0, "learned_normal_adjustment": 0.0, "matched_accepted_case_ids": [], "excluded_normal_zones": [], "fp_zone_scores": []}
2026-09-09T21:33:10.019 POST /inspect-shm status=200 duration_ms=735.7
Headers: {"content-type": "application/json"}
Body: {"product_type": "bench-lan6#cam=8", "status": "ГОДЕН", "anomaly_score": 0.002352941176470588, "threshold": 0.607, "detector_id": "python-detector-fe1585063384", "raw_anomaly_score": 0.0, "rechecked_zones_count": 0, "recheck_adjustment": 0.0, "rechecked_zone_ids": [], "main_roi_score": 0.002352941176470588, "sub_zone_scores": [], "inspection_id": "feee663c-575c-4833-8ca9-f0daa0ca3837", "learned_normal_matches_count": 0, "learned_normal_adjustment": 0.0, "matched_accepted_case_ids": [], "excluded_normal_zones": [], "fp_zone_scores": []}
2026-09-09T21:33:10.171 POST /inspect-shm status=200 duration_ms=509.0
Headers: {"content-type": "application/json"}
Body: {"product_type": "bench-lan6#cam=6", "status": "ГОДЕН", "anomaly_score": 0.0058823529411764705, "threshold": 0.607, "detector_id": "python-detector-fe1585063384", "raw_anomaly_score": 0.0, "rechecked_zones_count": 0, "recheck_adjustment": 0.0, "rechecked_zone_ids": [], "main_roi_score": 0.0058823529411764705, "sub_zone_scores": [], "inspection_id": "a863488e-e6b6-483f-9373-0601dbf7f842", "learned_normal_matches_count": 0, "learned_normal_adjustment": 0.0, "matched_accepted_case_ids": [], "excluded_normal_zones": [], "fp_zone_scores": []}
2026-09-09T21:33:19.930 POST /inspect-shm status=200 duration_ms=760.9
Headers: {"content-type": "application/json"}
Body: {"product_type": "bench-lan6#cam=7", "status": "ГОДЕН", "anomaly_score": 0.001764705882352941, "threshold": 0.607, "detector_id": "python-detector-fe1585063384", "raw_anomaly_score": 0.0, "rechecked_zones_count": 0, "recheck_adjustment": 0.0, "rechecked_zone_ids": [], "main_roi_score": 0.001764705882352941, "sub_zone_scores": [], "inspection_id": "15809a03-35da-43a2-b32a-7f54c2628fdd", "learned_normal_matches_count": 0, "learned_normal_adjustment": 0.0, "matched_accepted_case_ids": [], "excluded_normal_zones": [], "fp_zone_scores": []}
2026-09-09T21:33:19.950 POST /inspect-shm status=200 duration_ms=753.0
Headers: {"content-type": "application/json"}
Body: {"product_type": "bench-lan5#cam=4", "status": "ГОДЕН", "anomaly_score": 0.001764705882352941, "threshold": 0.607, "detector_id": "python-detector-fe1585063384", "raw_anomaly_score": 0.0, "rechecked_zones_count": 0, "recheck_adjustment": 0.0, "rechecked_zone_ids": [], "main_roi_score": 0.001764705882352941, "sub_zone_scores": [], "inspection_id": "fd362362-4e17-45a7-bb87-7f6d2c850b85", "learned_normal_matches_count": 0, "learned_normal_adjustment": 0.0, "matched_accepted_case_ids": [], "excluded_normal_zones": [], "fp_zone_scores": []}
2026-09-09T21:33:19.997 POST /inspect-shm status=200 duration_ms=750.5
Headers: {"content-type": "application/json"}
Body: {"product_type": "bench-lan5#cam=0", "status": "ГОДЕН", "anomaly_score": 0.005294117647058823, "threshold": 0.607, "detector_id": "python-detector-fe1585063384", "raw_anomaly_score": 0.0, "rechecked_zones_count": 0, "recheck_adjustment": 0.0, "rechecked_zone_ids": [], "main_roi_score": 0.005294117647058823, "sub_zone_scores": [], "inspection_id": "02548bb1-06d7-46bd-b67e-3f24336158a5", "learned_normal_matches_count": 0, "learned_normal_adjustment": 0.0, "matched_accepted_case_ids": [], "excluded_normal_zones": [], "fp_zone_scores": []}
2026-09-09T21:33:20.101 POST /inspect-shm status=200 duration_ms=802.5
Headers: {"content-type": "application/json"}
Body: {"product_type": "bench-lan5#cam=3", "status": "ГОДЕН", "anomaly_score": 0.008823529411764706, "threshold": 0.607, "detector_id": "python-detector-fe1585063384", "raw_anomaly_score": 0.0, "rechecked_zones_count": 0, "recheck_adjustment": 0.0, "rechecked_zone_ids": [], "main_roi_score": 0.008823529411764706, "sub_zone_scores": [], "inspection_id": "21f13ff5-681e-471c-9e3f-a1f3b65a3129", "learned_normal_matches_count": 0, "learned_normal_adjustment": 0.0, "matched_accepted_case_ids": [], "excluded_normal_zones": [], "fp_zone_scores": []}
2026-09-09T21:33:20.194 POST /inspect-shm status=200 duration_ms=448.5
Headers: {"content-type": "application/json"}
Body: {"product_type": "bench-lan6#cam=6", "status": "ГОДЕН", "anomaly_score": 0.0058823529411764705, "threshold": 0.607, "detector_id": "python-detector-fe1585063384", "raw_anomaly_score": 0.0, "rechecked_zones_count": 0, "recheck_adjustment": 0.0, "rechecked_zone_ids": [], "main_roi_score": 0.0058823529411764705, "sub_zone_scores": [], "inspection_id": "8d7e737f-737c-4eeb-8b17-cbc55860afa3", "learned_normal_matches_count": 0, "learned_normal_adjustment": 0.0, "matched_accepted_case_ids": [], "excluded_normal_zones": [], "fp_zone_scores": []}
2026-09-09T21:33:29.924 POST /inspect-shm status=200 duration_ms=718.1
Headers: {"content-type": "application/json"}
Body: {"product_type": "bench-lan6#cam=5", "status": "ГОДЕН", "anomaly_score": 0.002352941176470588, "threshold": 0.607, "detector_id": "python-detector-fe1585063384", "raw_anomaly_score": 0.0, "rechecked_zones_count": 0, "recheck_adjustment": 0.0, "rechecked_zone_ids": [], "main_roi_score": 0.002352941176470588, "sub_zone_scores": [], "inspection_id": "4745a98f-625a-4a44-a571-d47e23b7dc15", "learned_normal_matches_count": 0, "learned_normal_adjustment": 0.0, "matched_accepted_case_ids": [], "excluded_normal_zones": [], "fp_zone_scores": []}
2026-09-09T21:33:30.124 POST /inspect-shm status=200 duration_ms=780.3
Headers: {"content-type": "application/json"}
Body: {"product_type": "bench-lan5#cam=3", "status": "ГОДЕН", "anomaly_score": 0.006470588235294117, "threshold": 0.607, "detector_id": "python-detector-fe1585063384", "raw_anomaly_score": 0.0, "rechecked_zones_count": 0, "recheck_adjustment": 0.0, "rechecked_zone_ids": [], "main_roi_score": 0.006470588235294117, "sub_zone_scores": [], "inspection_id": "7bb9d15b-38b4-43c7-a251-55ad51c0e3ba", "learned_normal_matches_count": 0, "learned_normal_adjustment": 0.0, "matched_accepted_case_ids": [], "excluded_normal_zones": [], "fp_zone_scores": []}
2026-09-09T21:33:30.148 POST /inspect-shm status=200 duration_ms=843.9
Headers: {"content-type": "application/json"}
Body: {"product_type": "bench-lan5#cam=4", "status": "ГОДЕН", "anomaly_score": 0.007058823529411765, "threshold": 0.607, "detector_id": "python-detector-fe1585063384", "raw_anomaly_score": 0.0, "rechecked_zones_count": 0, "recheck_adjustment": 0.0, "rechecked_zone_ids": [], "main_roi_score": 0.007058823529411765, "sub_zone_scores": [], "inspection_id": "4db6d8ca-113f-498b-b91c-e72b19a628f4", "learned_normal_matches_count": 0, "learned_normal_adjustment": 0.0, "matched_accepted_case_ids": [], "excluded_normal_zones": [], "fp_zone_scores": []}
2026-09-09T21:33:30.200 POST /inspect-shm status=200 duration_ms=718.8
Headers: {"content-type": "application/json"}
Body: {"product_type": "bench-lan6#cam=8", "status": "ГОДЕН", "anomaly_score": 0.002352941176470588, "threshold": 0.607, "detector_id": "python-detector-fe1585063384", "raw_anomaly_score": 0.0, "rechecked_zones_count": 0, "recheck_adjustment": 0.0, "rechecked_zone_ids": [], "main_roi_score": 0.002352941176470588, "sub_zone_scores": [], "inspection_id": "8fb5896b-a094-4b3d-9cce-3a2df07def89", "learned_normal_matches_count": 0, "learned_normal_adjustment": 0.0, "matched_accepted_case_ids": [], "excluded_normal_zones": [], "fp_zone_scores": []}
2026-09-09T21:33:30.382 POST /inspect-shm status=200 duration_ms=473.0
Headers: {"content-type": "application/json"}
Body: {"product_type": "bench-lan6#cam=6", "status": "ГОДЕН", "anomaly_score": 0.16377908496732027, "threshold": 0.607, "detector_id": "python-detector-fe1585063384", "raw_anomaly_score": 0.16377908496732027, "rechecked_zones_count": 0, "recheck_adjustment": 0.0, "rechecked_zone_ids": [], "main_roi_score": 0.16377908496732027, "sub_zone_scores": [], "inspection_id": "84944aeb-31eb-4e7d-b431-14b5bfadd54c", "learned_normal_matches_count": 0, "learned_normal_adjustment": 0.0, "matched_accepted_case_ids": [], "excluded_normal_zones": [], "fp_zone_scores": []}
2026-09-09T21:33:40.045 POST /inspect-shm status=200 duration_ms=782.9
Headers: {"content-type": "application/json"}
Body: {"product_type": "bench-lan5#cam=2", "status": "БРАК", "anomaly_score": 0.7015381776239908, "threshold": 0.607, "detector_id": "python-detector-fe1585063384", "raw_anomaly_score": 0.7015381776239908, "rechecked_zones_count": 0, "recheck_adjustment": 0.0, "rechecked_zone_ids": [], "main_roi_score": 0.7015381776239908, "sub_zone_scores": [], "inspection_id": "903e3053-53f3-4be8-95ba-1cc75fbfcfd9", "learned_normal_matches_count": 0, "learned_normal_adjustment": 0.0, "matched_accepted_case_ids": [], "excluded_normal_zones": [], "fp_zone_scores": []}
2026-09-09T21:33:40.193 POST /inspect-shm status=200 duration_ms=839.3
Headers: {"content-type": "application/json"}
Body: {"product_type": "bench-lan5#cam=1", "status": "ГОДЕН", "anomaly_score": 0.36813960784313726, "threshold": 0.607, "detector_id": "python-detector-fe1585063384", "raw_anomaly_score": 0.36813960784313726, "rechecked_zones_count": 0, "recheck_adjustment": 0.0, "rechecked_zone_ids": [], "main_roi_score": 0.36813960784313726, "sub_zone_scores": [], "inspection_id": "828db507-46a9-4d6f-9c37-685f4297d621", "learned_normal_matches_count": 0, "learned_normal_adjustment": 0.0, "matched_accepted_case_ids": [], "excluded_normal_zones": [], "fp_zone_scores": []}
2026-09-09T21:33:40.308 POST /inspect-shm status=200 duration_ms=792.7
Headers: {"content-type": "application/json"}
Body: {"product_type": "bench-lan5#cam=4", "status": "ГОДЕН", "anomaly_score": 0.004705882352941176, "threshold": 0.607, "detector_id": "python-detector-fe1585063384", "raw_anomaly_score": 0.0, "rechecked_zones_count": 0, "recheck_adjustment": 0.0, "rechecked_zone_ids": [], "main_roi_score": 0.004705882352941176, "sub_zone_scores": [], "inspection_id": "8cc3acbb-d20d-48d0-89d4-be29c61d786c", "learned_normal_matches_count": 0, "learned_normal_adjustment": 0.0, "matched_accepted_case_ids": [], "excluded_normal_zones": [], "fp_zone_scores": []}
2026-09-09T21:33:40.361 POST /inspect-shm status=200 duration_ms=912.0
Headers: {"content-type": "application/json"}
Body: {"product_type": "bench-lan6#cam=9", "status": "ГОДЕН", "anomaly_score": 0.007647058823529411, "threshold": 0.607, "detector_id": "python-detector-fe1585063384", "raw_anomaly_score": 0.16946725490196082, "rechecked_zones_count": 1, "recheck_adjustment": 0.16946725490196082, "rechecked_zone_ids": ["1e6db940-89d4-4757-a03e-913dc03cc43b"], "main_roi_score": 0.007647058823529411, "sub_zone_scores": [], "inspection_id": "34c76ca7-c708-478d-a714-734724162ead", "learned_normal_matches_count": 0, "learned_normal_adjustment": 0.0, "matched_accepted_case_ids": [], "excluded_normal_zones": [{"kind": "fp_zone", "case_id": "1e6db940-89d4-4757-a03e-913dc03cc43b", "similarity": null, "polygon": [[0.6813725490196078, 0.671875], [0.7598039215686274, 0.671875], [0.7598039215686274, 0.8076171875], [0.6813725490196078, 0.8076171875]], "excluded_from_score": true}], "fp_zone_scores": [{"zone_id": "a0a764b1-1a34-45b0-b833-4b2e8bbea914", "triggered_vs_reference": false, "applied_fp_etalon": false, "residual_score": 0.0, "status": "SKIPPED", "note": "reference changed"}, {"zone_id": "7784e9ef-168a-4acc-a33f-945a38475708", "triggered_vs_reference": false, "applied_fp_etalon": false, "residual_score": 0.0, "status": "SKIPPED", "note": "reference changed"}, {"zone_id": "a8ba3867-093a-4a95-b3da-3f73b4888928", "triggered_vs_reference": false, "applied_fp_etalon": false, "residual_score": 0.0, "status": "SKIPPED", "note": "reference changed"}, {"zone_id": "c44bf278-f442-4475-969f-63e733d27fe7", "triggered_vs_reference": false, "applied_fp_etalon": false, "residual_score": 0.0, "status": "SKIPPED", "note": "reference changed"}, {"zone_id": "1e6db940-89d4-4757-a03e-913dc03cc43b", "triggered_vs_reference": true, "applied_fp_etalon": true, "residual_score": 0.009411764705882352, "status": "ГОДЕН", "note": "matched FP mini-etalon"}]}
2026-09-09T21:33:40.439 POST /inspect-shm status=200 duration_ms=493.4
Headers: {"content-type": "application/json"}
Body: {"product_type": "bench-lan6#cam=6", "status": "ГОДЕН", "anomaly_score": 0.007058823529411765, "threshold": 0.607, "detector_id": "python-detector-fe1585063384", "raw_anomaly_score": 0.0, "rechecked_zones_count": 0, "recheck_adjustment": 0.0, "rechecked_zone_ids": [], "main_roi_score": 0.007058823529411765, "sub_zone_scores": [], "inspection_id": "faee1c3f-4095-418d-92af-1c6bf6e8ccf6", "learned_normal_matches_count": 0, "learned_normal_adjustment": 0.0, "matched_accepted_case_ids": [], "excluded_normal_zones": [], "fp_zone_scores": []}
2026-09-09T21:33:50.361 POST /inspect-shm status=200 duration_ms=933.2
Headers: {"content-type": "application/json"}
Body: {"product_type": "bench-lan5#cam=3", "status": "ГОДЕН", "anomaly_score": 0.004705882352941176, "threshold": 0.607, "detector_id": "python-detector-fe1585063384", "raw_anomaly_score": 0.0, "rechecked_zones_count": 0, "recheck_adjustment": 0.0, "rechecked_zone_ids": [], "main_roi_score": 0.004705882352941176, "sub_zone_scores": [], "inspection_id": "aebd5904-d0ca-46dd-928e-54ed56a43fe9", "learned_normal_matches_count": 0, "learned_normal_adjustment": 0.0, "matched_accepted_case_ids": [], "excluded_normal_zones": [], "fp_zone_scores": []}
2026-09-09T21:33:50.403 POST /inspect-shm status=200 duration_ms=986.4
Headers: {"content-type": "application/json"}
Body: {"product_type": "bench-lan5#cam=2", "status": "ГОДЕН", "anomaly_score": 0.31369620292561473, "threshold": 0.607, "detector_id": "python-detector-fe1585063384", "raw_anomaly_score": 0.31369620292561473, "rechecked_zones_count": 0, "recheck_adjustment": 0.0, "rechecked_zone_ids": [], "main_roi_score": 0.31369620292561473, "sub_zone_scores": [], "inspection_id": "1695c006-4a92-4850-9ec7-cc9fc0bac7d0", "learned_normal_matches_count": 0, "learned_normal_adjustment": 0.0, "matched_accepted_case_ids": [], "excluded_normal_zones": [], "fp_zone_scores": []}
2026-09-09T21:33:50.459 POST /inspect-shm status=200 duration_ms=945.4
Headers: {"content-type": "application/json"}
Body: {"product_type": "bench-lan5#cam=0", "status": "ГОДЕН", "anomaly_score": 0.007058823529411765, "threshold": 0.607, "detector_id": "python-detector-fe1585063384", "raw_anomaly_score": 0.0, "rechecked_zones_count": 0, "recheck_adjustment": 0.0, "rechecked_zone_ids": [], "main_roi_score": 0.007058823529411765, "sub_zone_scores": [], "inspection_id": "ba4d9315-6496-4687-91ff-ea8098b35e7d", "learned_normal_matches_count": 0, "learned_normal_adjustment": 0.0, "matched_accepted_case_ids": [], "excluded_normal_zones": [], "fp_zone_scores": []}
2026-09-09T21:33:50.471 POST /inspect-shm status=200 duration_ms=881.9
Headers: {"content-type": "application/json"}
Body: {"product_type": "bench-lan5#cam=4", "status": "ГОДЕН", "anomaly_score": 0.004705882352941176, "threshold": 0.607, "detector_id": "python-detector-fe1585063384", "raw_anomaly_score": 0.0, "rechecked_zones_count": 0, "recheck_adjustment": 0.0, "rechecked_zone_ids": [], "main_roi_score": 0.004705882352941176, "sub_zone_scores": [], "inspection_id": "a71dae6c-cf2f-4792-b026-736ea01e9c84", "learned_normal_matches_count": 0, "learned_normal_adjustment": 0.0, "matched_accepted_case_ids": [], "excluded_normal_zones": [], "fp_zone_scores": []}
2026-09-09T21:33:50.658 POST /inspect-shm status=200 duration_ms=525.3
Headers: {"content-type": "application/json"}
Body: {"product_type": "bench-lan6#cam=6", "status": "ГОДЕН", "anomaly_score": 0.00823529411764706, "threshold": 0.607, "detector_id": "python-detector-fe1585063384", "raw_anomaly_score": 0.0, "rechecked_zones_count": 0, "recheck_adjustment": 0.0, "rechecked_zone_ids": [], "main_roi_score": 0.00823529411764706, "sub_zone_scores": [], "inspection_id": "f2424734-6dd6-41a3-8b98-6504c3b27c6f", "learned_normal_matches_count": 0, "learned_normal_adjustment": 0.0, "matched_accepted_case_ids": [], "excluded_normal_zones": [], "fp_zone_scores": []}
2026-09-09T21:34:00.160 POST /inspect-shm status=200 duration_ms=702.1
Headers: {"content-type": "application/json"}
Body: {"product_type": "bench-lan6#cam=7", "status": "ГОДЕН", "anomaly_score": 0.004117647058823529, "threshold": 0.607, "detector_id": "python-detector-fe1585063384", "raw_anomaly_score": 0.0, "rechecked_zones_count": 0, "recheck_adjustment": 0.0, "rechecked_zone_ids": [], "main_roi_score": 0.004117647058823529, "sub_zone_scores": [], "inspection_id": "9d3b9543-b30c-4dae-b9b3-c89a29bcae03", "learned_normal_matches_count": 0, "learned_normal_adjustment": 0.0, "matched_accepted_case_ids": [], "excluded_normal_zones": [], "fp_zone_scores": []}
2026-09-09T21:34:00.322 POST /inspect-shm status=200 duration_ms=770.7
Headers: {"content-type": "application/json"}
Body: {"product_type": "bench-lan5#cam=3", "status": "ГОДЕН", "anomaly_score": 0.0058823529411764705, "threshold": 0.607, "detector_id": "python-detector-fe1585063384", "raw_anomaly_score": 0.0, "rechecked_zones_count": 0, "recheck_adjustment": 0.0, "rechecked_zone_ids": [], "main_roi_score": 0.0058823529411764705, "sub_zone_scores": [], "inspection_id": "fd80b098-8136-46e1-987a-2fbfe604cdda", "learned_normal_matches_count": 0, "learned_normal_adjustment": 0.0, "matched_accepted_case_ids": [], "excluded_normal_zones": [], "fp_zone_scores": []}
2026-09-09T21:34:00.338 POST /inspect-shm status=200 duration_ms=833.7
Headers: {"content-type": "application/json"}
Body: {"product_type": "bench-lan5#cam=1", "status": "ГОДЕН", "anomaly_score": 0.1955307189542484, "threshold": 0.607, "detector_id": "python-detector-fe1585063384", "raw_anomaly_score": 0.1955307189542484, "rechecked_zones_count": 0, "recheck_adjustment": 0.0, "rechecked_zone_ids": [], "main_roi_score": 0.1955307189542484, "sub_zone_scores": [], "inspection_id": "56e5e0fc-2803-4910-acbd-4f567496e73a", "learned_normal_matches_count": 0, "learned_normal_adjustment": 0.0, "matched_accepted_case_ids": [], "excluded_normal_zones": [], "fp_zone_scores": []}
2026-09-09T21:34:00.347 POST /inspect-shm status=200 duration_ms=772.3
Headers: {"content-type": "application/json"}
Body: {"product_type": "bench-lan6#cam=8", "status": "ГОДЕН", "anomaly_score": 0.0029411764705882353, "threshold": 0.607, "detector_id": "python-detector-fe1585063384", "raw_anomaly_score": 0.0, "rechecked_zones_count": 0, "recheck_adjustment": 0.0, "rechecked_zone_ids": [], "main_roi_score": 0.0029411764705882353, "sub_zone_scores": [], "inspection_id": "6b788453-4dfb-41a3-a8cb-8a8151909870", "learned_normal_matches_count": 0, "learned_normal_adjustment": 0.0, "matched_accepted_case_ids": [], "excluded_normal_zones": [], "fp_zone_scores": []}
2026-09-09T21:34:00.577 POST /inspect-shm status=200 duration_ms=425.7
Headers: {"content-type": "application/json"}
Body: {"product_type": "bench-lan6#cam=6", "status": "ГОДЕН", "anomaly_score": 0.2962681605975724, "threshold": 0.607, "detector_id": "python-detector-fe1585063384", "raw_anomaly_score": 0.2962681605975724, "rechecked_zones_count": 0, "recheck_adjustment": 0.0, "rechecked_zone_ids": [], "main_roi_score": 0.2962681605975724, "sub_zone_scores": [], "inspection_id": "8e2057a3-29f9-445c-9d1c-c62eed815e85", "learned_normal_matches_count": 0, "learned_normal_adjustment": 0.0, "matched_accepted_case_ids": [], "excluded_normal_zones": [], "fp_zone_scores": []}
2026-09-09T21:34:10.286 POST /inspect-shm status=200 duration_ms=741.2
Headers: {"content-type": "application/json"}
Body: {"product_type": "bench-lan6#cam=5", "status": "ГОДЕН", "anomaly_score": 0.0029411764705882353, "threshold": 0.607, "detector_id": "python-detector-fe1585063384", "raw_anomaly_score": 0.0, "rechecked_zones_count": 0, "recheck_adjustment": 0.0, "rechecked_zone_ids": [], "main_roi_score": 0.0029411764705882353, "sub_zone_scores": [], "inspection_id": "6cb49f0d-09da-4bcc-9502-525d4626b2c6", "learned_normal_matches_count": 0, "learned_normal_adjustment": 0.0, "matched_accepted_case_ids": [], "excluded_normal_zones": [], "fp_zone_scores": []}
2026-09-09T21:34:10.342 POST /inspect-shm status=200 duration_ms=756.8
Headers: {"content-type": "application/json"}
Body: {"product_type": "bench-lan5#cam=0", "status": "ГОДЕН", "anomaly_score": 0.005294117647058823, "threshold": 0.607, "detector_id": "python-detector-fe1585063384", "raw_anomaly_score": 0.0, "rechecked_zones_count": 0, "recheck_adjustment": 0.0, "rechecked_zone_ids": [], "main_roi_score": 0.005294117647058823, "sub_zone_scores": [], "inspection_id": "3d57e978-14cb-4e63-9c99-31e4248de210", "learned_normal_matches_count": 0, "learned_normal_adjustment": 0.0, "matched_accepted_case_ids": [], "excluded_normal_zones": [], "fp_zone_scores": []}
2026-09-09T21:34:10.391 POST /inspect-shm status=200 duration_ms=763.1
Headers: {"content-type": "application/json"}
Body: {"product_type": "bench-lan5#cam=3", "status": "ГОДЕН", "anomaly_score": 0.005294117647058823, "threshold": 0.607, "detector_id": "python-detector-fe1585063384", "raw_anomaly_score": 0.0, "rechecked_zones_count": 0, "recheck_adjustment": 0.0, "rechecked_zone_ids": [], "main_roi_score": 0.005294117647058823, "sub_zone_scores": [], "inspection_id": "4c11dcad-064b-4160-ab8a-ab7a9198f89b", "learned_normal_matches_count": 0, "learned_normal_adjustment": 0.0, "matched_accepted_case_ids": [], "excluded_normal_zones": [], "fp_zone_scores": []}
2026-09-09T21:34:10.430 POST /inspect-shm status=200 duration_ms=745.5
Headers: {"content-type": "application/json"}
Body: {"product_type": "bench-lan5#cam=4", "status": "ГОДЕН", "anomaly_score": 0.001764705882352941, "threshold": 0.607, "detector_id": "python-detector-fe1585063384", "raw_anomaly_score": 0.0, "rechecked_zones_count": 0, "recheck_adjustment": 0.0, "rechecked_zone_ids": [], "main_roi_score": 0.001764705882352941, "sub_zone_scores": [], "inspection_id": "4f5ed9f0-2d12-4f06-ac66-42b92eba04fb", "learned_normal_matches_count": 0, "learned_normal_adjustment": 0.0, "matched_accepted_case_ids": [], "excluded_normal_zones": [], "fp_zone_scores": []}
2026-09-09T21:34:10.635 POST /inspect-shm status=200 duration_ms=449.1
Headers: {"content-type": "application/json"}
Body: {"product_type": "bench-lan6#cam=6", "status": "ГОДЕН", "anomaly_score": 0.07885490196078432, "threshold": 0.607, "detector_id": "python-detector-fe1585063384", "raw_anomaly_score": 0.07885490196078432, "rechecked_zones_count": 0, "recheck_adjustment": 0.0, "rechecked_zone_ids": [], "main_roi_score": 0.07885490196078432, "sub_zone_scores": [], "inspection_id": "d9fe35d9-1381-4053-a6c8-e7d66e73c315", "learned_normal_matches_count": 0, "learned_normal_adjustment": 0.0, "matched_accepted_case_ids": [], "excluded_normal_zones": [], "fp_zone_scores": []}
2026-09-09T21:34:20.372 POST /inspect-shm status=200 duration_ms=765.9
Headers: {"content-type": "application/json"}
Body: {"product_type": "bench-lan5#cam=3", "status": "ГОДЕН", "anomaly_score": 0.004705882352941176, "threshold": 0.607, "detector_id": "python-detector-fe1585063384", "raw_anomaly_score": 0.0, "rechecked_zones_count": 0, "recheck_adjustment": 0.0, "rechecked_zone_ids": [], "main_roi_score": 0.004705882352941176, "sub_zone_scores": [], "inspection_id": "e8b27622-825b-4b05-86e6-cdbb600249b5", "learned_normal_matches_count": 0, "learned_normal_adjustment": 0.0, "matched_accepted_case_ids": [], "excluded_normal_zones": [], "fp_zone_scores": []}
2026-09-09T21:34:20.424 POST /inspect-shm status=200 duration_ms=745.0
Headers: {"content-type": "application/json"}
Body: {"product_type": "bench-lan6#cam=5", "status": "ГОДЕН", "anomaly_score": 0.001764705882352941, "threshold": 0.607, "detector_id": "python-detector-fe1585063384", "raw_anomaly_score": 0.0, "rechecked_zones_count": 0, "recheck_adjustment": 0.0, "rechecked_zone_ids": [], "main_roi_score": 0.001764705882352941, "sub_zone_scores": [], "inspection_id": "4f108cc9-97ec-47d5-8bcc-6d0a9e0b1b7b", "learned_normal_matches_count": 0, "learned_normal_adjustment": 0.0, "matched_accepted_case_ids": [], "excluded_normal_zones": [], "fp_zone_scores": []}
2026-09-09T21:34:20.485 POST /inspect-shm status=200 duration_ms=777.8
Headers: {"content-type": "application/json"}
Body: {"product_type": "bench-lan5#cam=0", "status": "ГОДЕН", "anomaly_score": 0.005294117647058823, "threshold": 0.607, "detector_id": "python-detector-fe1585063384", "raw_anomaly_score": 0.0, "rechecked_zones_count": 0, "recheck_adjustment": 0.0, "rechecked_zone_ids": [], "main_roi_score": 0.005294117647058823, "sub_zone_scores": [], "inspection_id": "9927b545-a1ff-474b-accc-ca4d67066696", "learned_normal_matches_count": 0, "learned_normal_adjustment": 0.0, "matched_accepted_case_ids": [], "excluded_normal_zones": [], "fp_zone_scores": []}
2026-09-09T21:34:20.503 POST /inspect-shm status=200 duration_ms=757.5
Headers: {"content-type": "application/json"}
Body: {"product_type": "bench-lan6#cam=7", "status": "ГОДЕН", "anomaly_score": 0.000588235294117647, "threshold": 0.607, "detector_id": "python-detector-fe1585063384", "raw_anomaly_score": 0.0, "rechecked_zones_count": 0, "recheck_adjustment": 0.0, "rechecked_zone_ids": [], "main_roi_score": 0.000588235294117647, "sub_zone_scores": [], "inspection_id": "fa8d160e-5941-4f51-966e-bb6ce47901f4", "learned_normal_matches_count": 0, "learned_normal_adjustment": 0.0, "matched_accepted_case_ids": [], "excluded_normal_zones": [], "fp_zone_scores": []}
2026-09-09T21:34:20.717 POST /inspect-shm status=200 duration_ms=439.6
Headers: {"content-type": "application/json"}
Body: {"product_type": "bench-lan6#cam=6", "status": "ГОДЕН", "anomaly_score": 0.006470588235294117, "threshold": 0.607, "detector_id": "python-detector-fe1585063384", "raw_anomaly_score": 0.0, "rechecked_zones_count": 0, "recheck_adjustment": 0.0, "rechecked_zone_ids": [], "main_roi_score": 0.006470588235294117, "sub_zone_scores": [], "inspection_id": "056c7e01-d377-4b53-a9d8-9d11a987e7f0", "learned_normal_matches_count": 0, "learned_normal_adjustment": 0.0, "matched_accepted_case_ids": [], "excluded_normal_zones": [], "fp_zone_scores": []}
2026-09-09T21:34:30.372 POST /inspect-shm status=200 duration_ms=709.6
Headers: {"content-type": "application/json"}
Body: {"product_type": "bench-lan6#cam=5", "status": "ГОДЕН", "anomaly_score": 0.002352941176470588, "threshold": 0.607, "detector_id": "python-detector-fe1585063384", "raw_anomaly_score": 0.0, "rechecked_zones_count": 0, "recheck_adjustment": 0.0, "rechecked_zone_ids": [], "main_roi_score": 0.002352941176470588, "sub_zone_scores": [], "inspection_id": "1d646052-aef3-4cf7-8ba2-8bebb89cc6c7", "learned_normal_matches_count": 0, "learned_normal_adjustment": 0.0, "matched_accepted_case_ids": [], "excluded_normal_zones": [], "fp_zone_scores": []}
2026-09-09T21:34:30.512 POST /inspect-shm status=200 duration_ms=800.7
Headers: {"content-type": "application/json"}
Body: {"product_type": "bench-lan5#cam=2", "status": "ГОДЕН", "anomaly_score": 0.1790224929971989, "threshold": 0.607, "detector_id": "python-detector-fe1585063384", "raw_anomaly_score": 0.1790224929971989, "rechecked_zones_count": 0, "recheck_adjustment": 0.0, "rechecked_zone_ids": [], "main_roi_score": 0.1790224929971989, "sub_zone_scores": [], "inspection_id": "354574dd-b55a-453a-bdd6-a4aee961d144", "learned_normal_matches_count": 0, "learned_normal_adjustment": 0.0, "matched_accepted_case_ids": [], "excluded_normal_zones": [], "fp_zone_scores": []}
2026-09-09T21:34:30.545 POST /inspect-shm status=200 duration_ms=767.2
Headers: {"content-type": "application/json"}
Body: {"product_type": "bench-lan5#cam=3", "status": "ГОДЕН", "anomaly_score": 0.0058823529411764705, "threshold": 0.607, "detector_id": "python-detector-fe1585063384", "raw_anomaly_score": 0.0, "rechecked_zones_count": 0, "recheck_adjustment": 0.0, "rechecked_zone_ids": [], "main_roi_score": 0.0058823529411764705, "sub_zone_scores": [], "inspection_id": "92f83e37-5d71-46b9-960c-355e0450759e", "learned_normal_matches_count": 0, "learned_normal_adjustment": 0.0, "matched_accepted_case_ids": [], "excluded_normal_zones": [], "fp_zone_scores": []}
2026-09-09T21:34:30.567 POST /inspect-shm status=200 duration_ms=736.2
Headers: {"content-type": "application/json"}
Body: {"product_type": "bench-lan5#cam=0", "status": "ГОДЕН", "anomaly_score": 0.004705882352941176, "threshold": 0.607, "detector_id": "python-detector-fe1585063384", "raw_anomaly_score": 0.0, "rechecked_zones_count": 0, "recheck_adjustment": 0.0, "rechecked_zone_ids": [], "main_roi_score": 0.004705882352941176, "sub_zone_scores": [], "inspection_id": "f4a44098-9f6d-446e-bd8d-5dc44ebcf670", "learned_normal_matches_count": 0, "learned_normal_adjustment": 0.0, "matched_accepted_case_ids": [], "excluded_normal_zones": [], "fp_zone_scores": []}
2026-09-09T21:34:30.771 POST /inspect-shm status=200 duration_ms=436.8
Headers: {"content-type": "application/json"}
Body: {"product_type": "bench-lan6#cam=6", "status": "ГОДЕН", "anomaly_score": 0.2381921568627451, "threshold": 0.607, "detector_id": "python-detector-fe1585063384", "raw_anomaly_score": 0.2381921568627451, "rechecked_zones_count": 0, "recheck_adjustment": 0.0, "rechecked_zone_ids": [], "main_roi_score": 0.2381921568627451, "sub_zone_scores": [], "inspection_id": "7d39acad-a8d4-47bb-8223-0b301d069810", "learned_normal_matches_count": 0, "learned_normal_adjustment": 0.0, "matched_accepted_case_ids": [], "excluded_normal_zones": [], "fp_zone_scores": []}
2026-09-09T21:34:40.569 POST /inspect-shm status=200 duration_ms=831.0
Headers: {"content-type": "application/json"}
Body: {"product_type": "bench-lan5#cam=3", "status": "ГОДЕН", "anomaly_score": 0.007647058823529411, "threshold": 0.607, "detector_id": "python-detector-fe1585063384", "raw_anomaly_score": 0.0, "rechecked_zones_count": 0, "recheck_adjustment": 0.0, "rechecked_zone_ids": [], "main_roi_score": 0.007647058823529411, "sub_zone_scores": [], "inspection_id": "add96065-d67c-47e7-85f1-f09fdf97e3cb", "learned_normal_matches_count": 0, "learned_normal_adjustment": 0.0, "matched_accepted_case_ids": [], "excluded_normal_zones": [], "fp_zone_scores": []}
2026-09-09T21:34:40.583 POST /inspect-shm status=200 duration_ms=783.0
Headers: {"content-type": "application/json"}
Body: {"product_type": "bench-lan5#cam=0", "status": "ГОДЕН", "anomaly_score": 0.005294117647058823, "threshold": 0.607, "detector_id": "python-detector-fe1585063384", "raw_anomaly_score": 0.0, "rechecked_zones_count": 0, "recheck_adjustment": 0.0, "rechecked_zone_ids": [], "main_roi_score": 0.005294117647058823, "sub_zone_scores": [], "inspection_id": "bb7567ff-1f2a-41dd-a65b-30d6b445e173", "learned_normal_matches_count": 0, "learned_normal_adjustment": 0.0, "matched_accepted_case_ids": [], "excluded_normal_zones": [], "fp_zone_scores": []}
2026-09-09T21:34:40.622 POST /inspect-shm status=200 duration_ms=768.1
Headers: {"content-type": "application/json"}
Body: {"product_type": "bench-lan6#cam=5", "status": "ГОДЕН", "anomaly_score": 0.004117647058823529, "threshold": 0.607, "detector_id": "python-detector-fe1585063384", "raw_anomaly_score": 0.0, "rechecked_zones_count": 0, "recheck_adjustment": 0.0, "rechecked_zone_ids": [], "main_roi_score": 0.004117647058823529, "sub_zone_scores": [], "inspection_id": "1b736ab9-e12c-4b7e-8915-9bc4df66bc50", "learned_normal_matches_count": 0, "learned_normal_adjustment": 0.0, "matched_accepted_case_ids": [], "excluded_normal_zones": [], "fp_zone_scores": []}
2026-09-09T21:34:40.682 POST /inspect-shm status=200 duration_ms=733.4
Headers: {"content-type": "application/json"}
Body: {"product_type": "bench-lan6#cam=8", "status": "ГОДЕН", "anomaly_score": 0.0029411764705882353, "threshold": 0.607, "detector_id": "python-detector-fe1585063384", "raw_anomaly_score": 0.0, "rechecked_zones_count": 0, "recheck_adjustment": 0.0, "rechecked_zone_ids": [], "main_roi_score": 0.0029411764705882353, "sub_zone_scores": [], "inspection_id": "353c0491-6fa8-41bc-8ded-8b16da62efe0", "learned_normal_matches_count": 0, "learned_normal_adjustment": 0.0, "matched_accepted_case_ids": [], "excluded_normal_zones": [], "fp_zone_scores": []}
2026-09-09T21:34:40.890 POST /inspect-shm status=200 duration_ms=486.5
Headers: {"content-type": "application/json"}
Body: {"product_type": "bench-lan6#cam=6", "status": "ГОДЕН", "anomaly_score": 0.19822592592592594, "threshold": 0.607, "detector_id": "python-detector-fe1585063384", "raw_anomaly_score": 0.19822592592592594, "rechecked_zones_count": 0, "recheck_adjustment": 0.0, "rechecked_zone_ids": [], "main_roi_score": 0.19822592592592594, "sub_zone_scores": [], "inspection_id": "94893257-ae8f-4322-bf44-876069523c30", "learned_normal_matches_count": 0, "learned_normal_adjustment": 0.0, "matched_accepted_case_ids": [], "excluded_normal_zones": [], "fp_zone_scores": []}
2026-09-09T21:34:50.594 POST /inspect-shm status=200 duration_ms=693.2
Headers: {"content-type": "application/json"}
Body: {"product_type": "bench-lan6#cam=7", "status": "ГОДЕН", "anomaly_score": 0.000588235294117647, "threshold": 0.607, "detector_id": "python-detector-fe1585063384", "raw_anomaly_score": 0.0, "rechecked_zones_count": 0, "recheck_adjustment": 0.0, "rechecked_zone_ids": [], "main_roi_score": 0.000588235294117647, "sub_zone_scores": [], "inspection_id": "95b53b5c-a1d0-4f77-975f-06473d8be55f", "learned_normal_matches_count": 0, "learned_normal_adjustment": 0.0, "matched_accepted_case_ids": [], "excluded_normal_zones": [], "fp_zone_scores": []}
2026-09-09T21:34:50.695 POST /inspect-shm status=200 duration_ms=764.3
Headers: {"content-type": "application/json"}
Body: {"product_type": "bench-lan5#cam=4", "status": "ГОДЕН", "anomaly_score": 0.004705882352941176, "threshold": 0.607, "detector_id": "python-detector-fe1585063384", "raw_anomaly_score": 0.0, "rechecked_zones_count": 0, "recheck_adjustment": 0.0, "rechecked_zone_ids": [], "main_roi_score": 0.004705882352941176, "sub_zone_scores": [], "inspection_id": "66fe3872-1637-4e93-803e-8a05df62a0ec", "learned_normal_matches_count": 0, "learned_normal_adjustment": 0.0, "matched_accepted_case_ids": [], "excluded_normal_zones": [], "fp_zone_scores": []}
2026-09-09T21:34:50.760 POST /inspect-shm status=200 duration_ms=762.7
Headers: {"content-type": "application/json"}
Body: {"product_type": "bench-lan5#cam=3", "status": "ГОДЕН", "anomaly_score": 0.005294117647058823, "threshold": 0.607, "detector_id": "python-detector-fe1585063384", "raw_anomaly_score": 0.0, "rechecked_zones_count": 0, "recheck_adjustment": 0.0, "rechecked_zone_ids": [], "main_roi_score": 0.005294117647058823, "sub_zone_scores": [], "inspection_id": "fa35ea7f-6a49-4065-a38e-8ba6dfb6dff9", "learned_normal_matches_count": 0, "learned_normal_adjustment": 0.0, "matched_accepted_case_ids": [], "excluded_normal_zones": [], "fp_zone_scores": []}
2026-09-09T21:34:50.809 POST /inspect-shm status=200 duration_ms=886.4
Headers: {"content-type": "application/json"}
Body: {"product_type": "bench-lan5#cam=1", "status": "ГОДЕН", "anomaly_score": 0.2140599346405229, "threshold": 0.607, "detector_id": "python-detector-fe1585063384", "raw_anomaly_score": 0.2140599346405229, "rechecked_zones_count": 0, "recheck_adjustment": 0.0, "rechecked_zone_ids": [], "main_roi_score": 0.2140599346405229, "sub_zone_scores": [], "inspection_id": "0c4990eb-732d-4a88-af61-d8360da07a6f", "learned_normal_matches_count": 0, "learned_normal_adjustment": 0.0, "matched_accepted_case_ids": [], "excluded_normal_zones": [], "fp_zone_scores": []}
2026-09-09T21:34:50.951 POST /inspect-shm status=200 duration_ms=492.9
Headers: {"content-type": "application/json"}
Body: {"product_type": "bench-lan6#cam=6", "status": "ГОДЕН", "anomaly_score": 0.007058823529411765, "threshold": 0.607, "detector_id": "python-detector-fe1585063384", "raw_anomaly_score": 0.0, "rechecked_zones_count": 0, "recheck_adjustment": 0.0, "rechecked_zone_ids": [], "main_roi_score": 0.007058823529411765, "sub_zone_scores": [], "inspection_id": "6de36eff-a0a0-42d2-a5df-3bd7ff210008", "learned_normal_matches_count": 0, "learned_normal_adjustment": 0.0, "matched_accepted_case_ids": [], "excluded_normal_zones": [], "fp_zone_scores": []}
2026-09-09T21:35:00.706 POST /inspect-shm status=200 duration_ms=784.9
Headers: {"content-type": "application/json"}
Body: {"product_type": "bench-lan5#cam=4", "status": "ГОДЕН", "anomaly_score": 0.0058823529411764705, "threshold": 0.607, "detector_id": "python-detector-fe1585063384", "raw_anomaly_score": 0.0, "rechecked_zones_count": 0, "recheck_adjustment": 0.0, "rechecked_zone_ids": [], "main_roi_score": 0.0058823529411764705, "sub_zone_scores": [], "inspection_id": "d21200b9-8acf-471b-b167-3f62a9f716b3", "learned_normal_matches_count": 0, "learned_normal_adjustment": 0.0, "matched_accepted_case_ids": [], "excluded_normal_zones": [], "fp_zone_scores": []}
2026-09-09T21:35:00.736 POST /inspect-shm status=200 duration_ms=767.6
Headers: {"content-type": "application/json"}
Body: {"product_type": "bench-lan6#cam=7", "status": "ГОДЕН", "anomaly_score": 0.000588235294117647, "threshold": 0.607, "detector_id": "python-detector-fe1585063384", "raw_anomaly_score": 0.0, "rechecked_zones_count": 0, "recheck_adjustment": 0.0, "rechecked_zone_ids": [], "main_roi_score": 0.000588235294117647, "sub_zone_scores": [], "inspection_id": "021dc906-b3b1-40c6-b04b-ec7c7786431d", "learned_normal_matches_count": 0, "learned_normal_adjustment": 0.0, "matched_accepted_case_ids": [], "excluded_normal_zones": [], "fp_zone_scores": []}
2026-09-09T21:35:00.745 POST /inspect-shm status=200 duration_ms=789.4
Headers: {"content-type": "application/json"}
Body: {"product_type": "bench-lan5#cam=0", "status": "ГОДЕН", "anomaly_score": 0.005294117647058823, "threshold": 0.607, "detector_id": "python-detector-fe1585063384", "raw_anomaly_score": 0.0, "rechecked_zones_count": 0, "recheck_adjustment": 0.0, "rechecked_zone_ids": [], "main_roi_score": 0.005294117647058823, "sub_zone_scores": [], "inspection_id": "bd2b94c9-a045-4c52-bb74-a95518d71825", "learned_normal_matches_count": 0, "learned_normal_adjustment": 0.0, "matched_accepted_case_ids": [], "excluded_normal_zones": [], "fp_zone_scores": []}
2026-09-09T21:35:00.871 POST /inspect-shm status=200 duration_ms=842.1
Headers: {"content-type": "application/json"}
Body: {"product_type": "bench-lan5#cam=1", "status": "ГОДЕН", "anomaly_score": 0.010588235294117647, "threshold": 0.607, "detector_id": "python-detector-fe1585063384", "raw_anomaly_score": 0.0, "rechecked_zones_count": 0, "recheck_adjustment": 0.0, "rechecked_zone_ids": [], "main_roi_score": 0.010588235294117647, "sub_zone_scores": [], "inspection_id": "6d02287b-bd1a-4c0e-9abf-d828c6c16d85", "learned_normal_matches_count": 0, "learned_normal_adjustment": 0.0, "matched_accepted_case_ids": [], "excluded_normal_zones": [], "fp_zone_scores": []}
2026-09-09T21:35:01.006 POST /inspect-shm status=200 duration_ms=454.3
Headers: {"content-type": "application/json"}
Body: {"product_type": "bench-lan6#cam=6", "status": "ГОДЕН", "anomaly_score": 0.007647058823529411, "threshold": 0.607, "detector_id": "python-detector-fe1585063384", "raw_anomaly_score": 0.0, "rechecked_zones_count": 0, "recheck_adjustment": 0.0, "rechecked_zone_ids": [], "main_roi_score": 0.007647058823529411, "sub_zone_scores": [], "inspection_id": "a79f4b8e-9a3f-4ce8-a56f-6f98c58e6e7d", "learned_normal_matches_count": 0, "learned_normal_adjustment": 0.0, "matched_accepted_case_ids": [], "excluded_normal_zones": [], "fp_zone_scores": []}
2026-09-09T21:35:10.780 POST /inspect-shm status=200 duration_ms=746.7
Headers: {"content-type": "application/json"}
Body: {"product_type": "bench-lan6#cam=7", "status": "ГОДЕН", "anomaly_score": 0.000588235294117647, "threshold": 0.607, "detector_id": "python-detector-fe1585063384", "raw_anomaly_score": 0.0, "rechecked_zones_count": 0, "recheck_adjustment": 0.0, "rechecked_zone_ids": [], "main_roi_score": 0.000588235294117647, "sub_zone_scores": [], "inspection_id": "537503f5-55ef-4f99-b1cd-8b0a7597d6d1", "learned_normal_matches_count": 0, "learned_normal_adjustment": 0.0, "matched_accepted_case_ids": [], "excluded_normal_zones": [], "fp_zone_scores": []}
2026-09-09T21:35:10.791 POST /inspect-shm status=200 duration_ms=832.1
Headers: {"content-type": "application/json"}
Body: {"product_type": "bench-lan5#cam=4", "status": "ГОДЕН", "anomaly_score": 0.008823529411764706, "threshold": 0.607, "detector_id": "python-detector-fe1585063384", "raw_anomaly_score": 0.0, "rechecked_zones_count": 0, "recheck_adjustment": 0.0, "rechecked_zone_ids": [], "main_roi_score": 0.008823529411764706, "sub_zone_scores": [], "inspection_id": "19b92cea-2057-4a03-86c2-d9cb5960bb0a", "learned_normal_matches_count": 0, "learned_normal_adjustment": 0.0, "matched_accepted_case_ids": [], "excluded_normal_zones": [], "fp_zone_scores": []}
2026-09-09T21:35:10.868 POST /inspect-shm status=200 duration_ms=784.4
Headers: {"content-type": "application/json"}
Body: {"product_type": "bench-lan6#cam=8", "status": "ГОДЕН", "anomaly_score": 0.0029411764705882353, "threshold": 0.607, "detector_id": "python-detector-fe1585063384", "raw_anomaly_score": 0.0, "rechecked_zones_count": 0, "recheck_adjustment": 0.0, "rechecked_zone_ids": [], "main_roi_score": 0.0029411764705882353, "sub_zone_scores": [], "inspection_id": "55298b0e-01e8-4710-a94d-41fd04bcef0a", "learned_normal_matches_count": 0, "learned_normal_adjustment": 0.0, "matched_accepted_case_ids": [], "excluded_normal_zones": [], "fp_zone_scores": []}
2026-09-09T21:35:10.897 POST /inspect-shm status=200 duration_ms=895.5
Headers: {"content-type": "application/json"}
Body: {"product_type": "bench-lan5#cam=1", "status": "ГОДЕН", "anomaly_score": 0.4387470700924049, "threshold": 0.607, "detector_id": "python-detector-fe1585063384", "raw_anomaly_score": 0.4387470700924049, "rechecked_zones_count": 0, "recheck_adjustment": 0.0, "rechecked_zone_ids": [], "main_roi_score": 0.4387470700924049, "sub_zone_scores": [], "inspection_id": "fa763599-32af-47c5-89fc-f13471026d5b", "learned_normal_matches_count": 0, "learned_normal_adjustment": 0.0, "matched_accepted_case_ids": [], "excluded_normal_zones": [], "fp_zone_scores": []}
2026-09-09T21:35:11.058 POST /inspect-shm status=200 duration_ms=442.9
Headers: {"content-type": "application/json"}
Body: {"product_type": "bench-lan6#cam=6", "status": "ГОДЕН", "anomaly_score": 0.00823529411764706, "threshold": 0.607, "detector_id": "python-detector-fe1585063384", "raw_anomaly_score": 0.0, "rechecked_zones_count": 0, "recheck_adjustment": 0.0, "rechecked_zone_ids": [], "main_roi_score": 0.00823529411764706, "sub_zone_scores": [], "inspection_id": "d94d50a1-4c80-424f-b5f3-1ab20e13cb64", "learned_normal_matches_count": 0, "learned_normal_adjustment": 0.0, "matched_accepted_case_ids": [], "excluded_normal_zones": [], "fp_zone_scores": []}
2026-09-09T21:35:20.790 POST /inspect-shm status=200 duration_ms=745.4
Headers: {"content-type": "application/json"}
Body: {"product_type": "bench-lan5#cam=2", "status": "ГОДЕН", "anomaly_score": 0.0029411764705882353, "threshold": 0.607, "detector_id": "python-detector-fe1585063384", "raw_anomaly_score": 0.0, "rechecked_zones_count": 0, "recheck_adjustment": 0.0, "rechecked_zone_ids": [], "main_roi_score": 0.0029411764705882353, "sub_zone_scores": [], "inspection_id": "2a96eb16-6791-4d8d-a377-f337a54c16f0", "learned_normal_matches_count": 0, "learned_normal_adjustment": 0.0, "matched_accepted_case_ids": [], "excluded_normal_zones": [], "fp_zone_scores": []}
2026-09-09T21:35:20.846 POST /inspect-shm status=200 duration_ms=778.3
Headers: {"content-type": "application/json"}
Body: {"product_type": "bench-lan6#cam=7", "status": "ГОДЕН", "anomaly_score": 0.000588235294117647, "threshold": 0.607, "detector_id": "python-detector-fe1585063384", "raw_anomaly_score": 0.0, "rechecked_zones_count": 0, "recheck_adjustment": 0.0, "rechecked_zone_ids": [], "main_roi_score": 0.000588235294117647, "sub_zone_scores": [], "inspection_id": "4326ebeb-1b72-4115-b3bd-98f76fd563b7", "learned_normal_matches_count": 0, "learned_normal_adjustment": 0.0, "matched_accepted_case_ids": [], "excluded_normal_zones": [], "fp_zone_scores": []}
2026-09-09T21:35:20.963 POST /inspect-shm status=200 duration_ms=771.7
Headers: {"content-type": "application/json"}
Body: {"product_type": "bench-lan5#cam=4", "status": "ГОДЕН", "anomaly_score": 0.0058823529411764705, "threshold": 0.607, "detector_id": "python-detector-fe1585063384", "raw_anomaly_score": 0.0, "rechecked_zones_count": 0, "recheck_adjustment": 0.0, "rechecked_zone_ids": [], "main_roi_score": 0.0058823529411764705, "sub_zone_scores": [], "inspection_id": "f8137c49-d9a3-4f76-ac11-0a6579095ec7", "learned_normal_matches_count": 0, "learned_normal_adjustment": 0.0, "matched_accepted_case_ids": [], "excluded_normal_zones": [], "fp_zone_scores": []}
2026-09-09T21:35:20.998 POST /inspect-shm status=200 duration_ms=859.7
Headers: {"content-type": "application/json"}
Body: {"product_type": "bench-lan5#cam=1", "status": "ГОДЕН", "anomaly_score": 0.006470588235294118, "threshold": 0.607, "detector_id": "python-detector-fe1585063384", "raw_anomaly_score": 0.0, "rechecked_zones_count": 0, "recheck_adjustment": 0.0, "rechecked_zone_ids": [], "main_roi_score": 0.006470588235294118, "sub_zone_scores": [], "inspection_id": "37fc75d5-b342-47d2-9f40-5cd57b6491f3", "learned_normal_matches_count": 0, "learned_normal_adjustment": 0.0, "matched_accepted_case_ids": [], "excluded_normal_zones": [], "fp_zone_scores": []}
2026-09-09T21:35:21.144 POST /inspect-shm status=200 duration_ms=446.9
Headers: {"content-type": "application/json"}
Body: {"product_type": "bench-lan6#cam=6", "status": "ГОДЕН", "anomaly_score": 0.006470588235294117, "threshold": 0.607, "detector_id": "python-detector-fe1585063384", "raw_anomaly_score": 0.0, "rechecked_zones_count": 0, "recheck_adjustment": 0.0, "rechecked_zone_ids": [], "main_roi_score": 0.006470588235294117, "sub_zone_scores": [], "inspection_id": "203d776a-79a0-46ee-86ef-3ecd4d25d4bb", "learned_normal_matches_count": 0, "learned_normal_adjustment": 0.0, "matched_accepted_case_ids": [], "excluded_normal_zones": [], "fp_zone_scores": []}
2026-09-09T21:35:30.968 POST /inspect-shm status=200 duration_ms=880.0
Headers: {"content-type": "application/json"}
Body: {"product_type": "bench-lan5#cam=1", "status": "ГОДЕН", "anomaly_score": 0.1396366666666667, "threshold": 0.607, "detector_id": "python-detector-fe1585063384", "raw_anomaly_score": 0.1396366666666667, "rechecked_zones_count": 0, "recheck_adjustment": 0.0, "rechecked_zone_ids": [], "main_roi_score": 0.1396366666666667, "sub_zone_scores": [], "inspection_id": "c83e61a3-e594-4c9c-9b1d-d854e6cc7cbd", "learned_normal_matches_count": 0, "learned_normal_adjustment": 0.0, "matched_accepted_case_ids": [], "excluded_normal_zones": [], "fp_zone_scores": []}
2026-09-09T21:35:31.015 POST /inspect-shm status=200 duration_ms=841.8
Headers: {"content-type": "application/json"}
Body: {"product_type": "bench-lan5#cam=4", "status": "ГОДЕН", "anomaly_score": 0.001764705882352941, "threshold": 0.607, "detector_id": "python-detector-fe1585063384", "raw_anomaly_score": 0.0, "rechecked_zones_count": 0, "recheck_adjustment": 0.0, "rechecked_zone_ids": [], "main_roi_score": 0.001764705882352941, "sub_zone_scores": [], "inspection_id": "196e18e7-a1e4-4a5d-9ea6-32333751fe4a", "learned_normal_matches_count": 0, "learned_normal_adjustment": 0.0, "matched_accepted_case_ids": [], "excluded_normal_zones": [], "fp_zone_scores": []}
2026-09-09T21:35:31.055 POST /inspect-shm status=200 duration_ms=778.7
Headers: {"content-type": "application/json"}
Body: {"product_type": "bench-lan6#cam=7", "status": "ГОДЕН", "anomaly_score": 0.000588235294117647, "threshold": 0.607, "detector_id": "python-detector-fe1585063384", "raw_anomaly_score": 0.0, "rechecked_zones_count": 0, "recheck_adjustment": 0.0, "rechecked_zone_ids": [], "main_roi_score": 0.000588235294117647, "sub_zone_scores": [], "inspection_id": "50b724d9-904d-4372-8cb3-3400372d3c4e", "learned_normal_matches_count": 0, "learned_normal_adjustment": 0.0, "matched_accepted_case_ids": [], "excluded_normal_zones": [], "fp_zone_scores": []}
2026-09-09T21:35:31.094 POST /inspect-shm status=200 duration_ms=847.2
Headers: {"content-type": "application/json"}
Body: {"product_type": "bench-lan6#cam=5", "status": "ГОДЕН", "anomaly_score": 0.001764705882352941, "threshold": 0.607, "detector_id": "python-detector-fe1585063384", "raw_anomaly_score": 0.0, "rechecked_zones_count": 0, "recheck_adjustment": 0.0, "rechecked_zone_ids": [], "main_roi_score": 0.001764705882352941, "sub_zone_scores": [], "inspection_id": "f13f0b83-9e5c-49fb-844c-6c0f21c545a6", "learned_normal_matches_count": 0, "learned_normal_adjustment": 0.0, "matched_accepted_case_ids": [], "excluded_normal_zones": [], "fp_zone_scores": []}
2026-09-09T21:35:31.261 POST /inspect-shm status=200 duration_ms=495.3
Headers: {"content-type": "application/json"}
Body: {"product_type": "bench-lan6#cam=6", "status": "ГОДЕН", "anomaly_score": 0.00823529411764706, "threshold": 0.607, "detector_id": "python-detector-fe1585063384", "raw_anomaly_score": 0.0, "rechecked_zones_count": 0, "recheck_adjustment": 0.0, "rechecked_zone_ids": [], "main_roi_score": 0.00823529411764706, "sub_zone_scores": [], "inspection_id": "e15aa64c-2ddb-46ae-ab68-f1cb2cb3d0a6", "learned_normal_matches_count": 0, "learned_normal_adjustment": 0.0, "matched_accepted_case_ids": [], "excluded_normal_zones": [], "fp_zone_scores": []}
2026-09-09T21:35:40.980 POST /inspect-shm status=200 duration_ms=785.7
Headers: {"content-type": "application/json"}
Body: {"product_type": "bench-lan6#cam=5", "status": "ГОДЕН", "anomaly_score": 0.001764705882352941, "threshold": 0.607, "detector_id": "python-detector-fe1585063384", "raw_anomaly_score": 0.0, "rechecked_zones_count": 0, "recheck_adjustment": 0.0, "rechecked_zone_ids": [], "main_roi_score": 0.001764705882352941, "sub_zone_scores": [], "inspection_id": "f6f75e2a-6812-4191-b3a6-87baeb8ec5c2", "learned_normal_matches_count": 0, "learned_normal_adjustment": 0.0, "matched_accepted_case_ids": [], "excluded_normal_zones": [], "fp_zone_scores": []}
2026-09-09T21:35:41.042 POST /inspect-shm status=200 duration_ms=827.7
Headers: {"content-type": "application/json"}
Body: {"product_type": "bench-lan5#cam=2", "status": "ГОДЕН", "anomaly_score": 0.007058823529411764, "threshold": 0.607, "detector_id": "python-detector-fe1585063384", "raw_anomaly_score": 0.0, "rechecked_zones_count": 0, "recheck_adjustment": 0.0, "rechecked_zone_ids": [], "main_roi_score": 0.007058823529411764, "sub_zone_scores": [], "inspection_id": "097bcb30-8f9c-45d2-8799-88876a6ff496", "learned_normal_matches_count": 0, "learned_normal_adjustment": 0.0, "matched_accepted_case_ids": [], "excluded_normal_zones": [], "fp_zone_scores": []}
2026-09-09T21:35:41.085 POST /inspect-shm status=200 duration_ms=822.8
Headers: {"content-type": "application/json"}
Body: {"product_type": "bench-lan6#cam=7", "status": "ГОДЕН", "anomaly_score": 0.001764705882352941, "threshold": 0.607, "detector_id": "python-detector-fe1585063384", "raw_anomaly_score": 0.0, "rechecked_zones_count": 0, "recheck_adjustment": 0.0, "rechecked_zone_ids": [], "main_roi_score": 0.001764705882352941, "sub_zone_scores": [], "inspection_id": "8dc530ef-4582-4b2c-94de-5a9314f0fbac", "learned_normal_matches_count": 0, "learned_normal_adjustment": 0.0, "matched_accepted_case_ids": [], "excluded_normal_zones": [], "fp_zone_scores": []}
2026-09-09T21:35:41.126 POST /inspect-shm status=200 duration_ms=812.8
Headers: {"content-type": "application/json"}
Body: {"product_type": "bench-lan5#cam=4", "status": "ГОДЕН", "anomaly_score": 0.004705882352941176, "threshold": 0.607, "detector_id": "python-detector-fe1585063384", "raw_anomaly_score": 0.0, "rechecked_zones_count": 0, "recheck_adjustment": 0.0, "rechecked_zone_ids": [], "main_roi_score": 0.004705882352941176, "sub_zone_scores": [], "inspection_id": "8b5a74b4-8267-4982-818b-2a0ff176edd5", "learned_normal_matches_count": 0, "learned_normal_adjustment": 0.0, "matched_accepted_case_ids": [], "excluded_normal_zones": [], "fp_zone_scores": []}
2026-09-09T21:35:41.282 POST /inspect-shm status=200 duration_ms=496.6
Headers: {"content-type": "application/json"}
Body: {"product_type": "bench-lan6#cam=6", "status": "ГОДЕН", "anomaly_score": 0.008823529411764706, "threshold": 0.607, "detector_id": "python-detector-fe1585063384", "raw_anomaly_score": 0.0, "rechecked_zones_count": 0, "recheck_adjustment": 0.0, "rechecked_zone_ids": [], "main_roi_score": 0.008823529411764706, "sub_zone_scores": [], "inspection_id": "1fd23b4d-ae25-4e69-8bc0-0190010bc54d", "learned_normal_matches_count": 0, "learned_normal_adjustment": 0.0, "matched_accepted_case_ids": [], "excluded_normal_zones": [], "fp_zone_scores": []}
2026-09-09T21:35:51.035 POST /inspect-shm status=200 duration_ms=774.9
Headers: {"content-type": "application/json"}
Body: {"product_type": "bench-lan6#cam=8", "status": "ГОДЕН", "anomaly_score": 0.0029411764705882353, "threshold": 0.607, "detector_id": "python-detector-fe1585063384", "raw_anomaly_score": 0.0, "rechecked_zones_count": 0, "recheck_adjustment": 0.0, "rechecked_zone_ids": [], "main_roi_score": 0.0029411764705882353, "sub_zone_scores": [], "inspection_id": "8c1d44ef-b089-4c15-8fa2-8ab0bb9451f4", "learned_normal_matches_count": 0, "learned_normal_adjustment": 0.0, "matched_accepted_case_ids": [], "excluded_normal_zones": [], "fp_zone_scores": []}
2026-09-09T21:35:51.208 POST /inspect-shm status=200 duration_ms=848.0
Headers: {"content-type": "application/json"}
Body: {"product_type": "bench-lan6#cam=7", "status": "ГОДЕН", "anomaly_score": 0.000588235294117647, "threshold": 0.607, "detector_id": "python-detector-fe1585063384", "raw_anomaly_score": 0.0, "rechecked_zones_count": 0, "recheck_adjustment": 0.0, "rechecked_zone_ids": [], "main_roi_score": 0.000588235294117647, "sub_zone_scores": [], "inspection_id": "107683c9-d67b-4063-93cb-61223c4607f7", "learned_normal_matches_count": 0, "learned_normal_adjustment": 0.0, "matched_accepted_case_ids": [], "excluded_normal_zones": [], "fp_zone_scores": []}
2026-09-09T21:35:51.259 POST /inspect-shm status=200 duration_ms=859.7
Headers: {"content-type": "application/json"}
Body: {"product_type": "bench-lan5#cam=0", "status": "ГОДЕН", "anomaly_score": 0.005294117647058823, "threshold": 0.607, "detector_id": "python-detector-fe1585063384", "raw_anomaly_score": 0.0, "rechecked_zones_count": 0, "recheck_adjustment": 0.0, "rechecked_zone_ids": [], "main_roi_score": 0.005294117647058823, "sub_zone_scores": [], "inspection_id": "3f37e088-c465-4fce-a651-5a02af319987", "learned_normal_matches_count": 0, "learned_normal_adjustment": 0.0, "matched_accepted_case_ids": [], "excluded_normal_zones": [], "fp_zone_scores": []}
2026-09-09T21:35:51.298 POST /inspect-shm status=200 duration_ms=855.9
Headers: {"content-type": "application/json"}
Body: {"product_type": "bench-lan5#cam=4", "status": "ГОДЕН", "anomaly_score": 0.00411764705882353, "threshold": 0.607, "detector_id": "python-detector-fe1585063384", "raw_anomaly_score": 0.0, "rechecked_zones_count": 0, "recheck_adjustment": 0.0, "rechecked_zone_ids": [], "main_roi_score": 0.00411764705882353, "sub_zone_scores": [], "inspection_id": "ca3c1f24-d99c-4bce-bf67-c9c4d44920f7", "learned_normal_matches_count": 0, "learned_normal_adjustment": 0.0, "matched_accepted_case_ids": [], "excluded_normal_zones": [], "fp_zone_scores": []}
2026-09-09T21:35:51.433 POST /inspect-shm status=200 duration_ms=505.5
Headers: {"content-type": "application/json"}
Body: {"product_type": "bench-lan6#cam=6", "status": "ГОДЕН", "anomaly_score": 0.007058823529411765, "threshold": 0.607, "detector_id": "python-detector-fe1585063384", "raw_anomaly_score": 0.0, "rechecked_zones_count": 0, "recheck_adjustment": 0.0, "rechecked_zone_ids": [], "main_roi_score": 0.007058823529411765, "sub_zone_scores": [], "inspection_id": "af6b9a54-71cd-413c-a13b-ac0a0b2effdb", "learned_normal_matches_count": 0, "learned_normal_adjustment": 0.0, "matched_accepted_case_ids": [], "excluded_normal_zones": [], "fp_zone_scores": []}
2026-09-09T21:36:01.177 POST /inspect-shm status=200 duration_ms=843.4
Headers: {"content-type": "application/json"}
Body: {"product_type": "bench-lan5#cam=2", "status": "ГОДЕН", "anomaly_score": 0.1564732492997199, "threshold": 0.607, "detector_id": "python-detector-fe1585063384", "raw_anomaly_score": 0.1564732492997199, "rechecked_zones_count": 0, "recheck_adjustment": 0.0, "rechecked_zone_ids": [], "main_roi_score": 0.1564732492997199, "sub_zone_scores": [], "inspection_id": "b92c915e-c964-4330-9a70-9cf4b74dd26a", "learned_normal_matches_count": 0, "learned_normal_adjustment": 0.0, "matched_accepted_case_ids": [], "excluded_normal_zones": [], "fp_zone_scores": []}
2026-09-09T21:36:01.239 POST /inspect-shm status=200 duration_ms=838.3
Headers: {"content-type": "application/json"}
Body: {"product_type": "bench-lan6#cam=7", "status": "ГОДЕН", "anomaly_score": 0.000588235294117647, "threshold": 0.607, "detector_id": "python-detector-fe1585063384", "raw_anomaly_score": 0.0, "rechecked_zones_count": 0, "recheck_adjustment": 0.0, "rechecked_zone_ids": [], "main_roi_score": 0.000588235294117647, "sub_zone_scores": [], "inspection_id": "dba57749-f278-4517-a032-1ce033894f2f", "learned_normal_matches_count": 0, "learned_normal_adjustment": 0.0, "matched_accepted_case_ids": [], "excluded_normal_zones": [], "fp_zone_scores": []}
2026-09-09T21:36:01.289 POST /inspect-shm status=200 duration_ms=791.6
Headers: {"content-type": "application/json"}
Body: {"product_type": "bench-lan5#cam=0", "status": "ГОДЕН", "anomaly_score": 0.004705882352941176, "threshold": 0.607, "detector_id": "python-detector-fe1585063384", "raw_anomaly_score": 0.0, "rechecked_zones_count": 0, "recheck_adjustment": 0.0, "rechecked_zone_ids": [], "main_roi_score": 0.004705882352941176, "sub_zone_scores": [], "inspection_id": "c5248782-12ef-4be7-9acd-4cbd8855f67d", "learned_normal_matches_count": 0, "learned_normal_adjustment": 0.0, "matched_accepted_case_ids": [], "excluded_normal_zones": [], "fp_zone_scores": []}
2026-09-09T21:36:01.323 POST /inspect-shm status=200 duration_ms=865.1
Headers: {"content-type": "application/json"}
Body: {"product_type": "bench-lan5#cam=3", "status": "ГОДЕН", "anomaly_score": 0.008823529411764706, "threshold": 0.607, "detector_id": "python-detector-fe1585063384", "raw_anomaly_score": 0.0, "rechecked_zones_count": 0, "recheck_adjustment": 0.0, "rechecked_zone_ids": [], "main_roi_score": 0.008823529411764706, "sub_zone_scores": [], "inspection_id": "a1ebf4b9-00b8-4080-a20a-381504f93b0e", "learned_normal_matches_count": 0, "learned_normal_adjustment": 0.0, "matched_accepted_case_ids": [], "excluded_normal_zones": [], "fp_zone_scores": []}
2026-09-09T21:36:01.454 POST /inspect-shm status=200 duration_ms=531.4
Headers: {"content-type": "application/json"}
Body: {"product_type": "bench-lan6#cam=6", "status": "ГОДЕН", "anomaly_score": 0.006470588235294117, "threshold": 0.607, "detector_id": "python-detector-fe1585063384", "raw_anomaly_score": 0.0, "rechecked_zones_count": 0, "recheck_adjustment": 0.0, "rechecked_zone_ids": [], "main_roi_score": 0.006470588235294117, "sub_zone_scores": [], "inspection_id": "9ffb2852-70cf-472e-924e-9db73bdb9625", "learned_normal_matches_count": 0, "learned_normal_adjustment": 0.0, "matched_accepted_case_ids": [], "excluded_normal_zones": [], "fp_zone_scores": []}
2026-09-09T21:36:11.286 POST /inspect-shm status=200 duration_ms=845.7
Headers: {"content-type": "application/json"}
Body: {"product_type": "bench-lan5#cam=3", "status": "ГОДЕН", "anomaly_score": 0.006470588235294117, "threshold": 0.607, "detector_id": "python-detector-fe1585063384", "raw_anomaly_score": 0.0, "rechecked_zones_count": 0, "recheck_adjustment": 0.0, "rechecked_zone_ids": [], "main_roi_score": 0.006470588235294117, "sub_zone_scores": [], "inspection_id": "7059a7bb-1c34-4d31-9531-136394612644", "learned_normal_matches_count": 0, "learned_normal_adjustment": 0.0, "matched_accepted_case_ids": [], "excluded_normal_zones": [], "fp_zone_scores": []}
2026-09-09T21:36:11.337 POST /inspect-shm status=200 duration_ms=794.0
Headers: {"content-type": "application/json"}
Body: {"product_type": "bench-lan6#cam=7", "status": "ГОДЕН", "anomaly_score": 0.000588235294117647, "threshold": 0.607, "detector_id": "python-detector-fe1585063384", "raw_anomaly_score": 0.0, "rechecked_zones_count": 0, "recheck_adjustment": 0.0, "rechecked_zone_ids": [], "main_roi_score": 0.000588235294117647, "sub_zone_scores": [], "inspection_id": "dbcc2b98-6b63-4873-b980-efc31899c637", "learned_normal_matches_count": 0, "learned_normal_adjustment": 0.0, "matched_accepted_case_ids": [], "excluded_normal_zones": [], "fp_zone_scores": []}
2026-09-09T21:36:11.385 POST /inspect-shm status=200 duration_ms=898.2
Headers: {"content-type": "application/json"}
Body: {"product_type": "bench-lan5#cam=4", "status": "ГОДЕН", "anomaly_score": 0.0058823529411764705, "threshold": 0.607, "detector_id": "python-detector-fe1585063384", "raw_anomaly_score": 0.0, "rechecked_zones_count": 0, "recheck_adjustment": 0.0, "rechecked_zone_ids": [], "main_roi_score": 0.0058823529411764705, "sub_zone_scores": [], "inspection_id": "2176be63-951c-49b6-8561-405f5950215a", "learned_normal_matches_count": 0, "learned_normal_adjustment": 0.0, "matched_accepted_case_ids": [], "excluded_normal_zones": [], "fp_zone_scores": []}
2026-09-09T21:36:11.421 POST /inspect-shm status=200 duration_ms=907.4
Headers: {"content-type": "application/json"}
Body: {"product_type": "bench-lan6#cam=8", "status": "ГОДЕН", "anomaly_score": 0.002352941176470588, "threshold": 0.607, "detector_id": "python-detector-fe1585063384", "raw_anomaly_score": 0.0, "rechecked_zones_count": 0, "recheck_adjustment": 0.0, "rechecked_zone_ids": [], "main_roi_score": 0.002352941176470588, "sub_zone_scores": [], "inspection_id": "a743aaad-57f4-4067-a057-c8feecd459de", "learned_normal_matches_count": 0, "learned_normal_adjustment": 0.0, "matched_accepted_case_ids": [], "excluded_normal_zones": [], "fp_zone_scores": []}
2026-09-09T21:36:11.565 POST /inspect-shm status=200 duration_ms=475.6
Headers: {"content-type": "application/json"}
Body: {"product_type": "bench-lan6#cam=6", "status": "ГОДЕН", "anomaly_score": 0.008823529411764706, "threshold": 0.607, "detector_id": "python-detector-fe1585063384", "raw_anomaly_score": 0.0, "rechecked_zones_count": 0, "recheck_adjustment": 0.0, "rechecked_zone_ids": [], "main_roi_score": 0.008823529411764706, "sub_zone_scores": [], "inspection_id": "39c57be8-d1bc-4a1d-8936-e6010d9dc30e", "learned_normal_matches_count": 0, "learned_normal_adjustment": 0.0, "matched_accepted_case_ids": [], "excluded_normal_zones": [], "fp_zone_scores": []}
2026-09-09T21:36:21.368 POST /inspect-shm status=200 duration_ms=886.3
Headers: {"content-type": "application/json"}
Body: {"product_type": "bench-lan5#cam=3", "status": "ГОДЕН", "anomaly_score": 0.007058823529411765, "threshold": 0.607, "detector_id": "python-detector-fe1585063384", "raw_anomaly_score": 0.0, "rechecked_zones_count": 0, "recheck_adjustment": 0.0, "rechecked_zone_ids": [], "main_roi_score": 0.007058823529411765, "sub_zone_scores": [], "inspection_id": "a413b07e-1013-4a74-a060-a235ab9bea03", "learned_normal_matches_count": 0, "learned_normal_adjustment": 0.0, "matched_accepted_case_ids": [], "excluded_normal_zones": [], "fp_zone_scores": []}
2026-09-09T21:36:21.429 POST /inspect-shm status=200 duration_ms=855.4
Headers: {"content-type": "application/json"}
Body: {"product_type": "bench-lan6#cam=5", "status": "ГОДЕН", "anomaly_score": 0.002352941176470588, "threshold": 0.607, "detector_id": "python-detector-fe1585063384", "raw_anomaly_score": 0.0, "rechecked_zones_count": 0, "recheck_adjustment": 0.0, "rechecked_zone_ids": [], "main_roi_score": 0.002352941176470588, "sub_zone_scores": [], "inspection_id": "1ce9d2c6-89bb-4d84-99f1-447598f26f83", "learned_normal_matches_count": 0, "learned_normal_adjustment": 0.0, "matched_accepted_case_ids": [], "excluded_normal_zones": [], "fp_zone_scores": []}
2026-09-09T21:36:21.485 POST /inspect-shm status=200 duration_ms=942.3
Headers: {"content-type": "application/json"}
Body: {"product_type": "bench-lan6#cam=8", "status": "ГОДЕН", "anomaly_score": 0.0029411764705882353, "threshold": 0.607, "detector_id": "python-detector-fe1585063384", "raw_anomaly_score": 0.0, "rechecked_zones_count": 0, "recheck_adjustment": 0.0, "rechecked_zone_ids": [], "main_roi_score": 0.0029411764705882353, "sub_zone_scores": [], "inspection_id": "9ac679b4-603a-4f7f-ab23-27ea66797f1f", "learned_normal_matches_count": 0, "learned_normal_adjustment": 0.0, "matched_accepted_case_ids": [], "excluded_normal_zones": [], "fp_zone_scores": []}
2026-09-09T21:36:21.523 POST /inspect-shm status=200 duration_ms=846.5
Headers: {"content-type": "application/json"}
Body: {"product_type": "bench-lan5#cam=4", "status": "ГОДЕН", "anomaly_score": 0.007058823529411765, "threshold": 0.607, "detector_id": "python-detector-fe1585063384", "raw_anomaly_score": 0.0, "rechecked_zones_count": 0, "recheck_adjustment": 0.0, "rechecked_zone_ids": [], "main_roi_score": 0.007058823529411765, "sub_zone_scores": [], "inspection_id": "214689cc-a30a-4bbf-8669-8b1b3c246794", "learned_normal_matches_count": 0, "learned_normal_adjustment": 0.0, "matched_accepted_case_ids": [], "excluded_normal_zones": [], "fp_zone_scores": []}
2026-09-09T21:36:21.647 POST /inspect-shm status=200 duration_ms=494.7
Headers: {"content-type": "application/json"}
Body: {"product_type": "bench-lan6#cam=6", "status": "ГОДЕН", "anomaly_score": 0.00823529411764706, "threshold": 0.607, "detector_id": "python-detector-fe1585063384", "raw_anomaly_score": 0.0, "rechecked_zones_count": 0, "recheck_adjustment": 0.0, "rechecked_zone_ids": [], "main_roi_score": 0.00823529411764706, "sub_zone_scores": [], "inspection_id": "c626bf1d-98aa-474e-8c49-b15a2ea5c3ba", "learned_normal_matches_count": 0, "learned_normal_adjustment": 0.0, "matched_accepted_case_ids": [], "excluded_normal_zones": [], "fp_zone_scores": []}
2026-09-09T21:36:31.386 POST /inspect-shm status=200 duration_ms=797.2
Headers: {"content-type": "application/json"}
Body: {"product_type": "bench-lan6#cam=8", "status": "ГОДЕН", "anomaly_score": 0.0029411764705882353, "threshold": 0.607, "detector_id": "python-detector-fe1585063384", "raw_anomaly_score": 0.0, "rechecked_zones_count": 0, "recheck_adjustment": 0.0, "rechecked_zone_ids": [], "main_roi_score": 0.0029411764705882353, "sub_zone_scores": [], "inspection_id": "0d884eb0-f7e3-4deb-919d-dac4e5effdca", "learned_normal_matches_count": 0, "learned_normal_adjustment": 0.0, "matched_accepted_case_ids": [], "excluded_normal_zones": [], "fp_zone_scores": []}
2026-09-09T21:36:31.451 POST /inspect-shm status=200 duration_ms=796.4
Headers: {"content-type": "application/json"}
Body: {"product_type": "bench-lan6#cam=7", "status": "ГОДЕН", "anomaly_score": 0.004705882352941176, "threshold": 0.607, "detector_id": "python-detector-fe1585063384", "raw_anomaly_score": 0.0, "rechecked_zones_count": 0, "recheck_adjustment": 0.0, "rechecked_zone_ids": [], "main_roi_score": 0.004705882352941176, "sub_zone_scores": [], "inspection_id": "7f34b548-025a-40db-a306-695e34d03855", "learned_normal_matches_count": 0, "learned_normal_adjustment": 0.0, "matched_accepted_case_ids": [], "excluded_normal_zones": [], "fp_zone_scores": []}
2026-09-09T21:36:31.509 POST /inspect-shm status=200 duration_ms=867.7
Headers: {"content-type": "application/json"}
Body: {"product_type": "bench-lan5#cam=3", "status": "ГОДЕН", "anomaly_score": 0.0058823529411764705, "threshold": 0.607, "detector_id": "python-detector-fe1585063384", "raw_anomaly_score": 0.0, "rechecked_zones_count": 0, "recheck_adjustment": 0.0, "rechecked_zone_ids": [], "main_roi_score": 0.0058823529411764705, "sub_zone_scores": [], "inspection_id": "6d78ae5e-f359-469c-8164-e68a05559c32", "learned_normal_matches_count": 0, "learned_normal_adjustment": 0.0, "matched_accepted_case_ids": [], "excluded_normal_zones": [], "fp_zone_scores": []}
2026-09-09T21:36:31.616 POST /inspect-shm status=200 duration_ms=934.2
Headers: {"content-type": "application/json"}
Body: {"product_type": "bench-lan6#cam=9", "status": "ГОДЕН", "anomaly_score": 0.007647058823529411, "threshold": 0.607, "detector_id": "python-detector-fe1585063384", "raw_anomaly_score": 0.4373, "rechecked_zones_count": 0, "recheck_adjustment": 0.4373, "rechecked_zone_ids": [], "main_roi_score": 0.007647058823529411, "sub_zone_scores": [], "inspection_id": "1d989f33-a5bc-4ea8-a651-b078bacc9cdb", "learned_normal_matches_count": 0, "learned_normal_adjustment": 0.0, "matched_accepted_case_ids": [], "excluded_normal_zones": [], "fp_zone_scores": [{"zone_id": "a0a764b1-1a34-45b0-b833-4b2e8bbea914", "triggered_vs_reference": false, "applied_fp_etalon": false, "residual_score": 0.0, "status": "SKIPPED", "note": "reference changed"}, {"zone_id": "7784e9ef-168a-4acc-a33f-945a38475708", "triggered_vs_reference": false, "applied_fp_etalon": false, "residual_score": 0.0, "status": "SKIPPED", "note": "reference changed"}, {"zone_id": "a8ba3867-093a-4a95-b3da-3f73b4888928", "triggered_vs_reference": false, "applied_fp_etalon": false, "residual_score": 0.0, "status": "SKIPPED", "note": "reference changed"}, {"zone_id": "c44bf278-f442-4475-969f-63e733d27fe7", "triggered_vs_reference": false, "applied_fp_etalon": false, "residual_score": 0.0, "status": "SKIPPED", "note": "reference changed"}, {"zone_id": "1e6db940-89d4-4757-a03e-913dc03cc43b", "triggered_vs_reference": false, "applied_fp_etalon": false, "residual_score": 0.0, "status": "ГОДЕН", "note": "zone quiet after main analysis"}]}
2026-09-09T21:36:31.717 POST /inspect-shm status=200 duration_ms=480.9
Headers: {"content-type": "application/json"}
Body: {"product_type": "bench-lan6#cam=6", "status": "ГОДЕН", "anomaly_score": 0.19437549019607844, "threshold": 0.607, "detector_id": "python-detector-fe1585063384", "raw_anomaly_score": 0.19437549019607844, "rechecked_zones_count": 0, "recheck_adjustment": 0.0, "rechecked_zone_ids": [], "main_roi_score": 0.19437549019607844, "sub_zone_scores": [], "inspection_id": "260de378-9636-4858-97c3-178b472b2fec", "learned_normal_matches_count": 0, "learned_normal_adjustment": 0.0, "matched_accepted_case_ids": [], "excluded_normal_zones": [], "fp_zone_scores": []}
2026-09-09T21:36:41.464 POST /inspect-shm status=200 duration_ms=811.3
Headers: {"content-type": "application/json"}
Body: {"product_type": "bench-lan6#cam=8", "status": "ГОДЕН", "anomaly_score": 0.0029411764705882353, "threshold": 0.607, "detector_id": "python-detector-fe1585063384", "raw_anomaly_score": 0.0, "rechecked_zones_count": 0, "recheck_adjustment": 0.0, "rechecked_zone_ids": [], "main_roi_score": 0.0029411764705882353, "sub_zone_scores": [], "inspection_id": "339d5197-11df-4d1a-8ede-b311b512a950", "learned_normal_matches_count": 0, "learned_normal_adjustment": 0.0, "matched_accepted_case_ids": [], "excluded_normal_zones": [], "fp_zone_scores": []}
2026-09-09T21:36:41.534 POST /inspect-shm status=200 duration_ms=810.8
Headers: {"content-type": "application/json"}
Body: {"product_type": "bench-lan6#cam=5", "status": "ГОДЕН", "anomaly_score": 0.001764705882352941, "threshold": 0.607, "detector_id": "python-detector-fe1585063384", "raw_anomaly_score": 0.0, "rechecked_zones_count": 0, "recheck_adjustment": 0.0, "rechecked_zone_ids": [], "main_roi_score": 0.001764705882352941, "sub_zone_scores": [], "inspection_id": "dce902d8-9032-47cd-a246-a66889f4201a", "learned_normal_matches_count": 0, "learned_normal_adjustment": 0.0, "matched_accepted_case_ids": [], "excluded_normal_zones": [], "fp_zone_scores": []}
2026-09-09T21:36:41.639 POST /inspect-shm status=200 duration_ms=888.9
Headers: {"content-type": "application/json"}
Body: {"product_type": "bench-lan5#cam=1", "status": "ГОДЕН", "anomaly_score": 0.31109117647058826, "threshold": 0.607, "detector_id": "python-detector-fe1585063384", "raw_anomaly_score": 0.31109117647058826, "rechecked_zones_count": 0, "recheck_adjustment": 0.0, "rechecked_zone_ids": [], "main_roi_score": 0.31109117647058826, "sub_zone_scores": [], "inspection_id": "b55a29a3-e169-4ea6-b846-a81aec9d34a2", "learned_normal_matches_count": 0, "learned_normal_adjustment": 0.0, "matched_accepted_case_ids": [], "excluded_normal_zones": [], "fp_zone_scores": []}
2026-09-09T21:36:41.682 POST /inspect-shm status=200 duration_ms=811.0
Headers: {"content-type": "application/json"}
Body: {"product_type": "bench-lan6#cam=9", "status": "ГОДЕН", "anomaly_score": 0.003529411764705882, "threshold": 0.607, "detector_id": "python-detector-fe1585063384", "raw_anomaly_score": 0.0, "rechecked_zones_count": 0, "recheck_adjustment": 0.0, "rechecked_zone_ids": [], "main_roi_score": 0.003529411764705882, "sub_zone_scores": [], "inspection_id": "831f0315-317c-45e6-9071-a4d3eedf8553", "learned_normal_matches_count": 0, "learned_normal_adjustment": 0.0, "matched_accepted_case_ids": [], "excluded_normal_zones": [], "fp_zone_scores": [{"zone_id": "a0a764b1-1a34-45b0-b833-4b2e8bbea914", "triggered_vs_reference": false, "applied_fp_etalon": false, "residual_score": 0.0, "status": "SKIPPED", "note": "reference changed"}, {"zone_id": "7784e9ef-168a-4acc-a33f-945a38475708", "triggered_vs_reference": false, "applied_fp_etalon": false, "residual_score": 0.0, "status": "SKIPPED", "note": "reference changed"}, {"zone_id": "a8ba3867-093a-4a95-b3da-3f73b4888928", "triggered_vs_reference": false, "applied_fp_etalon": false, "residual_score": 0.0, "status": "SKIPPED", "note": "reference changed"}, {"zone_id": "c44bf278-f442-4475-969f-63e733d27fe7", "triggered_vs_reference": false, "applied_fp_etalon": false, "residual_score": 0.0, "status": "SKIPPED", "note": "reference changed"}, {"zone_id": "1e6db940-89d4-4757-a03e-913dc03cc43b", "triggered_vs_reference": false, "applied_fp_etalon": false, "residual_score": 0.0, "status": "ГОДЕН", "note": "zone quiet after main analysis"}]}
2026-09-09T21:36:41.816 POST /inspect-shm status=200 duration_ms=500.1
Headers: {"content-type": "application/json"}
Body: {"product_type": "bench-lan6#cam=6", "status": "ГОДЕН", "anomaly_score": 0.007058823529411765, "threshold": 0.607, "detector_id": "python-detector-fe1585063384", "raw_anomaly_score": 0.0, "rechecked_zones_count": 0, "recheck_adjustment": 0.0, "rechecked_zone_ids": [], "main_roi_score": 0.007058823529411765, "sub_zone_scores": [], "inspection_id": "9d49e22a-5323-4e9e-9374-0c9ca3fa0dc0", "learned_normal_matches_count": 0, "learned_normal_adjustment": 0.0, "matched_accepted_case_ids": [], "excluded_normal_zones": [], "fp_zone_scores": []}
2026-09-09T21:36:51.635 POST /inspect-shm status=200 duration_ms=913.0
Headers: {"content-type": "application/json"}
Body: {"product_type": "bench-lan5#cam=3", "status": "ГОДЕН", "anomaly_score": 0.007058823529411765, "threshold": 0.607, "detector_id": "python-detector-fe1585063384", "raw_anomaly_score": 0.0, "rechecked_zones_count": 0, "recheck_adjustment": 0.0, "rechecked_zone_ids": [], "main_roi_score": 0.007058823529411765, "sub_zone_scores": [], "inspection_id": "56657fc8-f983-4619-a120-30db381ceb61", "learned_normal_matches_count": 0, "learned_normal_adjustment": 0.0, "matched_accepted_case_ids": [], "excluded_normal_zones": [], "fp_zone_scores": []}
2026-09-09T21:36:51.698 POST /inspect-shm status=200 duration_ms=866.8
Headers: {"content-type": "application/json"}
Body: {"product_type": "bench-lan6#cam=5", "status": "ГОДЕН", "anomaly_score": 0.001764705882352941, "threshold": 0.607, "detector_id": "python-detector-fe1585063384", "raw_anomaly_score": 0.0, "rechecked_zones_count": 0, "recheck_adjustment": 0.0, "rechecked_zone_ids": [], "main_roi_score": 0.001764705882352941, "sub_zone_scores": [], "inspection_id": "e3de6ca9-adee-4b69-9a1f-b8e409af97dd", "learned_normal_matches_count": 0, "learned_normal_adjustment": 0.0, "matched_accepted_case_ids": [], "excluded_normal_zones": [], "fp_zone_scores": []}
2026-09-09T21:36:51.745 POST /inspect-shm status=200 duration_ms=936.6
Headers: {"content-type": "application/json"}
Body: {"product_type": "bench-lan5#cam=0", "status": "ГОДЕН", "anomaly_score": 0.006470588235294117, "threshold": 0.607, "detector_id": "python-detector-fe1585063384", "raw_anomaly_score": 0.0, "rechecked_zones_count": 0, "recheck_adjustment": 0.0, "rechecked_zone_ids": [], "main_roi_score": 0.006470588235294117, "sub_zone_scores": [], "inspection_id": "9d6f72d8-8a68-4daf-bdfd-8da0e90b8110", "learned_normal_matches_count": 0, "learned_normal_adjustment": 0.0, "matched_accepted_case_ids": [], "excluded_normal_zones": [], "fp_zone_scores": []}
2026-09-09T21:36:51.793 POST /inspect-shm status=200 duration_ms=940.7
Headers: {"content-type": "application/json"}
Body: {"product_type": "bench-lan5#cam=1", "status": "ГОДЕН", "anomaly_score": 0.3969757069143447, "threshold": 0.607, "detector_id": "python-detector-fe1585063384", "raw_anomaly_score": 0.3969757069143447, "rechecked_zones_count": 0, "recheck_adjustment": 0.0, "rechecked_zone_ids": [], "main_roi_score": 0.3969757069143447, "sub_zone_scores": [], "inspection_id": "659d0b1e-7336-4342-b81d-d30cad1ebb05", "learned_normal_matches_count": 0, "learned_normal_adjustment": 0.0, "matched_accepted_case_ids": [], "excluded_normal_zones": [], "fp_zone_scores": []}
2026-09-09T21:36:51.910 POST /inspect-shm status=200 duration_ms=544.7
Headers: {"content-type": "application/json"}
Body: {"product_type": "bench-lan6#cam=6", "status": "ГОДЕН", "anomaly_score": 0.007058823529411765, "threshold": 0.607, "detector_id": "python-detector-fe1585063384", "raw_anomaly_score": 0.0, "rechecked_zones_count": 0, "recheck_adjustment": 0.0, "rechecked_zone_ids": [], "main_roi_score": 0.007058823529411765, "sub_zone_scores": [], "inspection_id": "674a340e-110e-4a43-8182-ec2e1d43bde4", "learned_normal_matches_count": 0, "learned_normal_adjustment": 0.0, "matched_accepted_case_ids": [], "excluded_normal_zones": [], "fp_zone_scores": []}
2026-09-09T21:37:01.741 POST /inspect-shm status=200 duration_ms=884.5
Headers: {"content-type": "application/json"}
Body: {"product_type": "bench-lan5#cam=0", "status": "ГОДЕН", "anomaly_score": 0.004705882352941176, "threshold": 0.607, "detector_id": "python-detector-fe1585063384", "raw_anomaly_score": 0.0, "rechecked_zones_count": 0, "recheck_adjustment": 0.0, "rechecked_zone_ids": [], "main_roi_score": 0.004705882352941176, "sub_zone_scores": [], "inspection_id": "25de238c-42cc-49d5-9ea1-58627ef80d3a", "learned_normal_matches_count": 0, "learned_normal_adjustment": 0.0, "matched_accepted_case_ids": [], "excluded_normal_zones": [], "fp_zone_scores": []}
2026-09-09T21:37:01.838 POST /inspect-shm status=200 duration_ms=998.4
Headers: {"content-type": "application/json"}
Body: {"product_type": "bench-lan6#cam=5", "status": "ГОДЕН", "anomaly_score": 0.001764705882352941, "threshold": 0.607, "detector_id": "python-detector-fe1585063384", "raw_anomaly_score": 0.0, "rechecked_zones_count": 0, "recheck_adjustment": 0.0, "rechecked_zone_ids": [], "main_roi_score": 0.001764705882352941, "sub_zone_scores": [], "inspection_id": "66957a6a-3344-484e-825a-55bd2f310071", "learned_normal_matches_count": 0, "learned_normal_adjustment": 0.0, "matched_accepted_case_ids": [], "excluded_normal_zones": [], "fp_zone_scores": []}
2026-09-09T21:37:01.920 POST /inspect-shm status=200 duration_ms=998.3
Headers: {"content-type": "application/json"}
Body: {"product_type": "bench-lan6#cam=7", "status": "ГОДЕН", "anomaly_score": 0.000588235294117647, "threshold": 0.607, "detector_id": "python-detector-fe1585063384", "raw_anomaly_score": 0.0, "rechecked_zones_count": 0, "recheck_adjustment": 0.0, "rechecked_zone_ids": [], "main_roi_score": 0.000588235294117647, "sub_zone_scores": [], "inspection_id": "7b59abdd-c982-407e-a501-8a06c1eb96bb", "learned_normal_matches_count": 0, "learned_normal_adjustment": 0.0, "matched_accepted_case_ids": [], "excluded_normal_zones": [], "fp_zone_scores": []}
2026-09-09T21:37:01.995 POST /inspect-shm status=200 duration_ms=1070.0
Headers: {"content-type": "application/json"}
Body: {"product_type": "bench-lan6#cam=9", "status": "ГОДЕН", "anomaly_score": 0.004117647058823529, "threshold": 0.607, "detector_id": "python-detector-fe1585063384", "raw_anomaly_score": 0.0, "rechecked_zones_count": 0, "recheck_adjustment": 0.0, "rechecked_zone_ids": [], "main_roi_score": 0.004117647058823529, "sub_zone_scores": [], "inspection_id": "209c118a-5c56-40c7-86a9-244a619e8fa2", "learned_normal_matches_count": 0, "learned_normal_adjustment": 0.0, "matched_accepted_case_ids": [], "excluded_normal_zones": [], "fp_zone_scores": [{"zone_id": "a0a764b1-1a34-45b0-b833-4b2e8bbea914", "triggered_vs_reference": false, "applied_fp_etalon": false, "residual_score": 0.0, "status": "SKIPPED", "note": "reference changed"}, {"zone_id": "7784e9ef-168a-4acc-a33f-945a38475708", "triggered_vs_reference": false, "applied_fp_etalon": false, "residual_score": 0.0, "status": "SKIPPED", "note": "reference changed"}, {"zone_id": "a8ba3867-093a-4a95-b3da-3f73b4888928", "triggered_vs_reference": false, "applied_fp_etalon": false, "residual_score": 0.0, "status": "SKIPPED", "note": "reference changed"}, {"zone_id": "c44bf278-f442-4475-969f-63e733d27fe7", "triggered_vs_reference": false, "applied_fp_etalon": false, "residual_score": 0.0, "status": "SKIPPED", "note": "reference changed"}, {"zone_id": "1e6db940-89d4-4757-a03e-913dc03cc43b", "triggered_vs_reference": false, "applied_fp_etalon": false, "residual_score": 0.0, "status": "ГОДЕН", "note": "zone quiet after main analysis"}]}
2026-09-09T21:37:02.071 POST /inspect-shm status=200 duration_ms=591.1
Headers: {"content-type": "application/json"}
Body: {"product_type": "bench-lan6#cam=6", "status": "ГОДЕН", "anomaly_score": 0.00823529411764706, "threshold": 0.607, "detector_id": "python-detector-fe1585063384", "raw_anomaly_score": 0.0, "rechecked_zones_count": 0, "recheck_adjustment": 0.0, "rechecked_zone_ids": [], "main_roi_score": 0.00823529411764706, "sub_zone_scores": [], "inspection_id": "bce357e6-2804-4ff0-b6bf-5fd909fbd5ae", "learned_normal_matches_count": 0, "learned_normal_adjustment": 0.0, "matched_accepted_case_ids": [], "excluded_normal_zones": [], "fp_zone_scores": []}
2026-09-09T21:37:11.904 POST /inspect-shm status=200 duration_ms=952.1
Headers: {"content-type": "application/json"}
Body: {"product_type": "bench-lan5#cam=1", "status": "ГОДЕН", "anomaly_score": 0.19072797385620915, "threshold": 0.607, "detector_id": "python-detector-fe1585063384", "raw_anomaly_score": 0.19072797385620915, "rechecked_zones_count": 0, "recheck_adjustment": 0.0, "rechecked_zone_ids": [], "main_roi_score": 0.19072797385620915, "sub_zone_scores": [], "inspection_id": "81842e46-8ce4-47a6-a8c2-416d5b48a74a", "learned_normal_matches_count": 0, "learned_normal_adjustment": 0.0, "matched_accepted_case_ids": [], "excluded_normal_zones": [], "fp_zone_scores": []}
2026-09-09T21:37:12.024 POST /inspect-shm status=200 duration_ms=1002.6
Headers: {"content-type": "application/json"}
Body: {"product_type": "bench-lan6#cam=5", "status": "ГОДЕН", "anomaly_score": 0.003529411764705882, "threshold": 0.607, "detector_id": "python-detector-fe1585063384", "raw_anomaly_score": 0.0, "rechecked_zones_count": 0, "recheck_adjustment": 0.0, "rechecked_zone_ids": [], "main_roi_score": 0.003529411764705882, "sub_zone_scores": [], "inspection_id": "912cf08e-5d26-49f6-b8c0-8996889efa13", "learned_normal_matches_count": 0, "learned_normal_adjustment": 0.0, "matched_accepted_case_ids": [], "excluded_normal_zones": [], "fp_zone_scores": []}
2026-09-09T21:37:12.107 POST /inspect-shm status=200 duration_ms=1108.5
Headers: {"content-type": "application/json"}
Body: {"product_type": "bench-lan5#cam=3", "status": "ГОДЕН", "anomaly_score": 0.0058823529411764705, "threshold": 0.607, "detector_id": "python-detector-fe1585063384", "raw_anomaly_score": 0.0, "rechecked_zones_count": 0, "recheck_adjustment": 0.0, "rechecked_zone_ids": [], "main_roi_score": 0.0058823529411764705, "sub_zone_scores": [], "inspection_id": "3233194c-8bc7-4b36-84a2-6f0bd30399d3", "learned_normal_matches_count": 0, "learned_normal_adjustment": 0.0, "matched_accepted_case_ids": [], "excluded_normal_zones": [], "fp_zone_scores": []}
2026-09-09T21:37:12.186 POST /inspect-shm status=200 duration_ms=1092.9
Headers: {"content-type": "application/json"}
Body: {"product_type": "bench-lan6#cam=8", "status": "ГОДЕН", "anomaly_score": 0.002352941176470588, "threshold": 0.607, "detector_id": "python-detector-fe1585063384", "raw_anomaly_score": 0.0, "rechecked_zones_count": 0, "recheck_adjustment": 0.0, "rechecked_zone_ids": [], "main_roi_score": 0.002352941176470588, "sub_zone_scores": [], "inspection_id": "b46967c2-1bb3-479a-9a0b-bd6119005152", "learned_normal_matches_count": 0, "learned_normal_adjustment": 0.0, "matched_accepted_case_ids": [], "excluded_normal_zones": [], "fp_zone_scores": []}
2026-09-09T21:37:12.259 POST /inspect-shm status=200 duration_ms=689.6
Headers: {"content-type": "application/json"}
Body: {"product_type": "bench-lan6#cam=6", "status": "ГОДЕН", "anomaly_score": 0.14578655462184875, "threshold": 0.607, "detector_id": "python-detector-fe1585063384", "raw_anomaly_score": 0.14578655462184875, "rechecked_zones_count": 0, "recheck_adjustment": 0.0, "rechecked_zone_ids": [], "main_roi_score": 0.14578655462184875, "sub_zone_scores": [], "inspection_id": "5e729e9b-0a87-4ada-a37e-85864bbf7a52", "learned_normal_matches_count": 0, "learned_normal_adjustment": 0.0, "matched_accepted_case_ids": [], "excluded_normal_zones": [], "fp_zone_scores": []}
2026-09-09T21:37:21.841 POST /inspect-shm status=200 duration_ms=880.9
Headers: {"content-type": "application/json"}
Body: {"product_type": "bench-lan6#cam=5", "status": "ГОДЕН", "anomaly_score": 0.001764705882352941, "threshold": 0.607, "detector_id": "python-detector-fe1585063384", "raw_anomaly_score": 0.0, "rechecked_zones_count": 0, "recheck_adjustment": 0.0, "rechecked_zone_ids": [], "main_roi_score": 0.001764705882352941, "sub_zone_scores": [], "inspection_id": "6afea41a-e89c-4d73-a47c-303bd01e1c51", "learned_normal_matches_count": 0, "learned_normal_adjustment": 0.0, "matched_accepted_case_ids": [], "excluded_normal_zones": [], "fp_zone_scores": []}
2026-09-09T21:37:21.953 POST /inspect-shm status=200 duration_ms=938.5
Headers: {"content-type": "application/json"}
Body: {"product_type": "bench-lan6#cam=7", "status": "ГОДЕН", "anomaly_score": 0.000588235294117647, "threshold": 0.607, "detector_id": "python-detector-fe1585063384", "raw_anomaly_score": 0.0, "rechecked_zones_count": 0, "recheck_adjustment": 0.0, "rechecked_zone_ids": [], "main_roi_score": 0.000588235294117647, "sub_zone_scores": [], "inspection_id": "1485e459-75fa-4883-adfe-fbcd66e88bc0", "learned_normal_matches_count": 0, "learned_normal_adjustment": 0.0, "matched_accepted_case_ids": [], "excluded_normal_zones": [], "fp_zone_scores": []}
2026-09-09T21:37:22.050 POST /inspect-shm status=200 duration_ms=954.8
Headers: {"content-type": "application/json"}
Body: {"product_type": "bench-lan5#cam=3", "status": "ГОДЕН", "anomaly_score": 0.004705882352941176, "threshold": 0.607, "detector_id": "python-detector-fe1585063384", "raw_anomaly_score": 0.0, "rechecked_zones_count": 0, "recheck_adjustment": 0.0, "rechecked_zone_ids": [], "main_roi_score": 0.004705882352941176, "sub_zone_scores": [], "inspection_id": "4074a381-b788-401b-9aea-86f93536be97", "learned_normal_matches_count": 0, "learned_normal_adjustment": 0.0, "matched_accepted_case_ids": [], "excluded_normal_zones": [], "fp_zone_scores": []}
2026-09-09T21:37:22.127 POST /inspect-shm status=200 duration_ms=988.4
Headers: {"content-type": "application/json"}
Body: {"product_type": "bench-lan6#cam=8", "status": "ГОДЕН", "anomaly_score": 0.0029411764705882353, "threshold": 0.607, "detector_id": "python-detector-fe1585063384", "raw_anomaly_score": 0.0, "rechecked_zones_count": 0, "recheck_adjustment": 0.0, "rechecked_zone_ids": [], "main_roi_score": 0.0029411764705882353, "sub_zone_scores": [], "inspection_id": "e0b46805-83a0-4185-8dcb-4ab512ef09ce", "learned_normal_matches_count": 0, "learned_normal_adjustment": 0.0, "matched_accepted_case_ids": [], "excluded_normal_zones": [], "fp_zone_scores": []}
2026-09-09T21:37:22.204 POST /inspect-shm status=200 duration_ms=556.8
Headers: {"content-type": "application/json"}
Body: {"product_type": "bench-lan6#cam=6", "status": "ГОДЕН", "anomaly_score": 0.00823529411764706, "threshold": 0.607, "detector_id": "python-detector-fe1585063384", "raw_anomaly_score": 0.0, "rechecked_zones_count": 0, "recheck_adjustment": 0.0, "rechecked_zone_ids": [], "main_roi_score": 0.00823529411764706, "sub_zone_scores": [], "inspection_id": "c53f68ac-c87e-42c5-ab23-9bb6d7e12508", "learned_normal_matches_count": 0, "learned_normal_adjustment": 0.0, "matched_accepted_case_ids": [], "excluded_normal_zones": [], "fp_zone_scores": []}
2026-09-09T21:37:32.058 POST /inspect-shm status=200 duration_ms=974.7
Headers: {"content-type": "application/json"}
Body: {"product_type": "bench-lan5#cam=3", "status": "ГОДЕН", "anomaly_score": 0.007647058823529411, "threshold": 0.607, "detector_id": "python-detector-fe1585063384", "raw_anomaly_score": 0.0, "rechecked_zones_count": 0, "recheck_adjustment": 0.0, "rechecked_zone_ids": [], "main_roi_score": 0.007647058823529411, "sub_zone_scores": [], "inspection_id": "c75977b9-4684-4bba-a1cd-685df6eaaca1", "learned_normal_matches_count": 0, "learned_normal_adjustment": 0.0, "matched_accepted_case_ids": [], "excluded_normal_zones": [], "fp_zone_scores": []}
2026-09-09T21:37:32.160 POST /inspect-shm status=200 duration_ms=1069.1
Headers: {"content-type": "application/json"}
Body: {"product_type": "bench-lan6#cam=5", "status": "ГОДЕН", "anomaly_score": 0.001764705882352941, "threshold": 0.607, "detector_id": "python-detector-fe1585063384", "raw_anomaly_score": 0.0, "rechecked_zones_count": 0, "recheck_adjustment": 0.0, "rechecked_zone_ids": [], "main_roi_score": 0.001764705882352941, "sub_zone_scores": [], "inspection_id": "9739d2f0-93ca-41af-b3bb-d88ced94ad8d", "learned_normal_matches_count": 0, "learned_normal_adjustment": 0.0, "matched_accepted_case_ids": [], "excluded_normal_zones": [], "fp_zone_scores": []}
2026-09-09T21:37:32.245 POST /inspect-shm status=200 duration_ms=1188.7
Headers: {"content-type": "application/json"}
Body: {"product_type": "bench-lan5#cam=1", "status": "ГОДЕН", "anomaly_score": 0.19269666666666668, "threshold": 0.607, "detector_id": "python-detector-fe1585063384", "raw_anomaly_score": 0.19269666666666668, "rechecked_zones_count": 0, "recheck_adjustment": 0.0, "rechecked_zone_ids": [], "main_roi_score": 0.19269666666666668, "sub_zone_scores": [], "inspection_id": "d613ac47-ae43-441d-bea8-91074c574a5a", "learned_normal_matches_count": 0, "learned_normal_adjustment": 0.0, "matched_accepted_case_ids": [], "excluded_normal_zones": [], "fp_zone_scores": []}
2026-09-09T21:37:32.343 POST /inspect-shm status=200 duration_ms=1157.3
Headers: {"content-type": "application/json"}
Body: {"product_type": "bench-lan6#cam=7", "status": "ГОДЕН", "anomaly_score": 0.000588235294117647, "threshold": 0.607, "detector_id": "python-detector-fe1585063384", "raw_anomaly_score": 0.0, "rechecked_zones_count": 0, "recheck_adjustment": 0.0, "rechecked_zone_ids": [], "main_roi_score": 0.000588235294117647, "sub_zone_scores": [], "inspection_id": "fdb346ab-e533-4692-ad97-39f585d9b254", "learned_normal_matches_count": 0, "learned_normal_adjustment": 0.0, "matched_accepted_case_ids": [], "excluded_normal_zones": [], "fp_zone_scores": []}
2026-09-09T21:37:32.433 POST /inspect-shm status=200 duration_ms=672.9
Headers: {"content-type": "application/json"}
Body: {"product_type": "bench-lan6#cam=6", "status": "ГОДЕН", "anomaly_score": 0.06429019607843138, "threshold": 0.607, "detector_id": "python-detector-fe1585063384", "raw_anomaly_score": 0.06429019607843138, "rechecked_zones_count": 0, "recheck_adjustment": 0.0, "rechecked_zone_ids": [], "main_roi_score": 0.06429019607843138, "sub_zone_scores": [], "inspection_id": "c108771e-6972-4ff7-a371-b37b024ee55d", "learned_normal_matches_count": 0, "learned_normal_adjustment": 0.0, "matched_accepted_case_ids": [], "excluded_normal_zones": [], "fp_zone_scores": []}
2026-09-09T21:37:42.114 POST /inspect-shm status=200 duration_ms=933.8
Headers: {"content-type": "application/json"}
Body: {"product_type": "bench-lan6#cam=5", "status": "ГОДЕН", "anomaly_score": 0.001764705882352941, "threshold": 0.607, "detector_id": "python-detector-fe1585063384", "raw_anomaly_score": 0.0, "rechecked_zones_count": 0, "recheck_adjustment": 0.0, "rechecked_zone_ids": [], "main_roi_score": 0.001764705882352941, "sub_zone_scores": [], "inspection_id": "5bb702c4-60a7-4e24-807a-440c9d701b55", "learned_normal_matches_count": 0, "learned_normal_adjustment": 0.0, "matched_accepted_case_ids": [], "excluded_normal_zones": [], "fp_zone_scores": []}
2026-09-09T21:37:42.224 POST /inspect-shm status=200 duration_ms=976.3
Headers: {"content-type": "application/json"}
Body: {"product_type": "bench-lan6#cam=8", "status": "ГОДЕН", "anomaly_score": 0.002352941176470588, "threshold": 0.607, "detector_id": "python-detector-fe1585063384", "raw_anomaly_score": 0.0, "rechecked_zones_count": 0, "recheck_adjustment": 0.0, "rechecked_zone_ids": [], "main_roi_score": 0.002352941176470588, "sub_zone_scores": [], "inspection_id": "bf90abcc-cdbd-4dff-8443-6462f4260998", "learned_normal_matches_count": 0, "learned_normal_adjustment": 0.0, "matched_accepted_case_ids": [], "excluded_normal_zones": [], "fp_zone_scores": []}
2026-09-09T21:37:42.321 POST /inspect-shm status=200 duration_ms=1061.9
Headers: {"content-type": "application/json"}
Body: {"product_type": "bench-lan5#cam=4", "status": "ГОДЕН", "anomaly_score": 0.0058823529411764705, "threshold": 0.607, "detector_id": "python-detector-fe1585063384", "raw_anomaly_score": 0.0, "rechecked_zones_count": 0, "recheck_adjustment": 0.0, "rechecked_zone_ids": [], "main_roi_score": 0.0058823529411764705, "sub_zone_scores": [], "inspection_id": "7553593e-077b-4161-b1cb-bd1114f7e606", "learned_normal_matches_count": 0, "learned_normal_adjustment": 0.0, "matched_accepted_case_ids": [], "excluded_normal_zones": [], "fp_zone_scores": []}
2026-09-09T21:37:42.407 POST /inspect-shm status=200 duration_ms=1149.9
Headers: {"content-type": "application/json"}
Body: {"product_type": "bench-lan5#cam=0", "status": "ГОДЕН", "anomaly_score": 0.004705882352941176, "threshold": 0.607, "detector_id": "python-detector-fe1585063384", "raw_anomaly_score": 0.0, "rechecked_zones_count": 0, "recheck_adjustment": 0.0, "rechecked_zone_ids": [], "main_roi_score": 0.004705882352941176, "sub_zone_scores": [], "inspection_id": "ae782c6f-c322-4ca4-81aa-eb851fb185a1", "learned_normal_matches_count": 0, "learned_normal_adjustment": 0.0, "matched_accepted_case_ids": [], "excluded_normal_zones": [], "fp_zone_scores": []}
2026-09-09T21:37:42.483 POST /inspect-shm status=200 duration_ms=623.6
Headers: {"content-type": "application/json"}
Body: {"product_type": "bench-lan6#cam=6", "status": "ГОДЕН", "anomaly_score": 0.06272156862745099, "threshold": 0.607, "detector_id": "python-detector-fe1585063384", "raw_anomaly_score": 0.06272156862745099, "rechecked_zones_count": 0, "recheck_adjustment": 0.0, "rechecked_zone_ids": [], "main_roi_score": 0.06272156862745099, "sub_zone_scores": [], "inspection_id": "0c7766ad-8878-4ad4-91b0-29127822e713", "learned_normal_matches_count": 0, "learned_normal_adjustment": 0.0, "matched_accepted_case_ids": [], "excluded_normal_zones": [], "fp_zone_scores": []}
