--- LightServer log started 2026-07-13 10:27:53 ---
2026-07-13 10:27:53.962 [Information] LightServer: Content root: D:\visionGay\defect-detector-v3\LightServer.v3\bin\Release\net10.0\, ComLightDevices: 1, файл лога: D:\visionGay\defect-detector-v3\LightServer.v3\logs\2026-07-13_10-27-53.log
2026-07-13 10:27:54.078 [Information] Microsoft.Hosting.Lifetime: Now listening on: http://127.0.0.1:5080
2026-07-13 10:27:54.078 [Information] Microsoft.Hosting.Lifetime: Application started. Press Ctrl+C to shut down.
2026-07-13 10:27:54.078 [Information] Microsoft.Hosting.Lifetime: Hosting environment: Production
2026-07-13 10:27:54.078 [Information] Microsoft.Hosting.Lifetime: Content root path: D:\visionGay\defect-detector-v3\LightServer.v3\bin\Release\net10.0\
2026-07-13 10:27:54.171 [Information] LightServer.Services.ComLightIsolatedBank: IsolatedBank: EnumDevices count=0, map=[]
2026-07-13 10:27:54.174 [Warning] LightServer.Services.ComLightIsolatedBank: IsolatedBank: пропуск COM1: COM1 не найден в EnumDevices. Видно: []
2026-07-13 10:27:54.176 [Error] LightServer.Services.ComLightIsolatedBank: IsolatedBank: COM1 не найден в EnumDevices. Видно: []
2026-07-13 10:27:54.176 [Error] LightServer.Services.ComLightBankService: ComLightBank: инициализация не удалась: COM1 не найден в EnumDevices. Видно: []
2026-07-13 10:28:05.337 [Information] LightServer.Services.ComLightIsolatedBank: IsolatedBank: EnumDevices count=0, map=[]
2026-07-13 10:28:05.338 [Warning] LightServer.Services.ComLightIsolatedBank: IsolatedBank: пропуск COM1: COM1 не найден в EnumDevices. Видно: []
2026-07-13 10:28:05.339 [Error] LightServer.Services.ComLightIsolatedBank: IsolatedBank: COM1 не найден в EnumDevices. Видно: []
2026-07-13 10:28:05.339 [Error] LightServer.Services.ComLightBankService: ComLightBank: инициализация не удалась: COM1 не найден в EnumDevices. Видно: []
2026-07-13 10:28:05.373 [Information] LightServer.Logging.HttpExchangeLoggingMiddleware: HTTP GET /api/com/light => 200
  >> Request: (empty)
  << Response: {"initialized":false,"partial":false,"configPath":"D:\\visionGay\\defect-detector-v3\\config\\blocks\\51-light-hardware.yaml","loadedFromYaml":true,"devices":[{"id":"com1","comPort":"COM1","channels":[1,2],"ready":false,"skipped":"COM1 не найден в EnumDevices. Видно: []"}],"readyDevices":[],"skippedPorts":{"COM1":"COM1 не найден в EnumDevices. Видно: []"},"channelOrder":"","configuredChannelOrder":"COM1:1, COM1:2","usage":{"post":"POST /api/com/light","bodyOn":{"state":"on","brightness":"100"},"bodyOff":{"state":"off"},"note":"brightness применяется только к подключённым COM (readyDevices)"}}
2026-07-13 10:28:05.827 [Information] LightServer.Services.ComLightIsolatedBank: IsolatedBank: EnumDevices count=0, map=[]
2026-07-13 10:28:05.828 [Warning] LightServer.Services.ComLightIsolatedBank: IsolatedBank: пропуск COM1: COM1 не найден в EnumDevices. Видно: []
2026-07-13 10:28:05.828 [Error] LightServer.Services.ComLightIsolatedBank: IsolatedBank: COM1 не найден в EnumDevices. Видно: []
2026-07-13 10:28:05.828 [Error] LightServer.Services.ComLightBankService: ComLightBank: инициализация не удалась: COM1 не найден в EnumDevices. Видно: []
2026-07-13 10:28:05.829 [Information] LightServer.Logging.HttpExchangeLoggingMiddleware: HTTP GET /api/com/light => 200
  >> Request: (empty)
  << Response: {"initialized":false,"partial":false,"configPath":"D:\\visionGay\\defect-detector-v3\\config\\blocks\\51-light-hardware.yaml","loadedFromYaml":true,"devices":[{"id":"com1","comPort":"COM1","channels":[1,2],"ready":false,"skipped":"COM1 не найден в EnumDevices. Видно: []"}],"readyDevices":[],"skippedPorts":{"COM1":"COM1 не найден в EnumDevices. Видно: []"},"channelOrder":"","configuredChannelOrder":"COM1:1, COM1:2","usage":{"post":"POST /api/com/light","bodyOn":{"state":"on","brightness":"100"},"bodyOff":{"state":"off"},"note":"brightness применяется только к подключённым COM (readyDevices)"}}
2026-07-13 10:28:06.256 [Information] LightServer.Services.ComLightIsolatedBank: IsolatedBank: EnumDevices count=0, map=[]
2026-07-13 10:28:06.256 [Warning] LightServer.Services.ComLightIsolatedBank: IsolatedBank: пропуск COM1: COM1 не найден в EnumDevices. Видно: []
2026-07-13 10:28:06.256 [Error] LightServer.Services.ComLightIsolatedBank: IsolatedBank: COM1 не найден в EnumDevices. Видно: []
2026-07-13 10:28:06.256 [Error] LightServer.Services.ComLightBankService: ComLightBank: инициализация не удалась: COM1 не найден в EnumDevices. Видно: []
2026-07-13 10:28:06.257 [Information] LightServer.Logging.HttpExchangeLoggingMiddleware: HTTP GET /api/com/light => 200
  >> Request: (empty)
  << Response: {"initialized":false,"partial":false,"configPath":"D:\\visionGay\\defect-detector-v3\\config\\blocks\\51-light-hardware.yaml","loadedFromYaml":true,"devices":[{"id":"com1","comPort":"COM1","channels":[1,2],"ready":false,"skipped":"COM1 не найден в EnumDevices. Видно: []"}],"readyDevices":[],"skippedPorts":{"COM1":"COM1 не найден в EnumDevices. Видно: []"},"channelOrder":"","configuredChannelOrder":"COM1:1, COM1:2","usage":{"post":"POST /api/com/light","bodyOn":{"state":"on","brightness":"100"},"bodyOff":{"state":"off"},"note":"brightness применяется только к подключённым COM (readyDevices)"}}
2026-07-13 10:28:06.684 [Information] LightServer.Services.ComLightIsolatedBank: IsolatedBank: EnumDevices count=0, map=[]
2026-07-13 10:28:06.684 [Warning] LightServer.Services.ComLightIsolatedBank: IsolatedBank: пропуск COM1: COM1 не найден в EnumDevices. Видно: []
2026-07-13 10:28:06.684 [Error] LightServer.Services.ComLightIsolatedBank: IsolatedBank: COM1 не найден в EnumDevices. Видно: []
2026-07-13 10:28:06.684 [Error] LightServer.Services.ComLightBankService: ComLightBank: инициализация не удалась: COM1 не найден в EnumDevices. Видно: []
2026-07-13 10:28:06.685 [Information] LightServer.Logging.HttpExchangeLoggingMiddleware: HTTP GET /api/com/light => 200
  >> Request: (empty)
  << Response: {"initialized":false,"partial":false,"configPath":"D:\\visionGay\\defect-detector-v3\\config\\blocks\\51-light-hardware.yaml","loadedFromYaml":true,"devices":[{"id":"com1","comPort":"COM1","channels":[1,2],"ready":false,"skipped":"COM1 не найден в EnumDevices. Видно: []"}],"readyDevices":[],"skippedPorts":{"COM1":"COM1 не найден в EnumDevices. Видно: []"},"channelOrder":"","configuredChannelOrder":"COM1:1, COM1:2","usage":{"post":"POST /api/com/light","bodyOn":{"state":"on","brightness":"100"},"bodyOff":{"state":"off"},"note":"brightness применяется только к подключённым COM (readyDevices)"}}
2026-07-13 10:28:07.112 [Information] LightServer.Services.ComLightIsolatedBank: IsolatedBank: EnumDevices count=0, map=[]
2026-07-13 10:28:07.112 [Warning] LightServer.Services.ComLightIsolatedBank: IsolatedBank: пропуск COM1: COM1 не найден в EnumDevices. Видно: []
2026-07-13 10:28:07.112 [Error] LightServer.Services.ComLightIsolatedBank: IsolatedBank: COM1 не найден в EnumDevices. Видно: []
2026-07-13 10:28:07.112 [Error] LightServer.Services.ComLightBankService: ComLightBank: инициализация не удалась: COM1 не найден в EnumDevices. Видно: []
2026-07-13 10:28:07.112 [Information] LightServer.Logging.HttpExchangeLoggingMiddleware: HTTP GET /api/com/light => 200
  >> Request: (empty)
  << Response: {"initialized":false,"partial":false,"configPath":"D:\\visionGay\\defect-detector-v3\\config\\blocks\\51-light-hardware.yaml","loadedFromYaml":true,"devices":[{"id":"com1","comPort":"COM1","channels":[1,2],"ready":false,"skipped":"COM1 не найден в EnumDevices. Видно: []"}],"readyDevices":[],"skippedPorts":{"COM1":"COM1 не найден в EnumDevices. Видно: []"},"channelOrder":"","configuredChannelOrder":"COM1:1, COM1:2","usage":{"post":"POST /api/com/light","bodyOn":{"state":"on","brightness":"100"},"bodyOff":{"state":"off"},"note":"brightness применяется только к подключённым COM (readyDevices)"}}
2026-07-13 10:28:07.539 [Information] LightServer.Services.ComLightIsolatedBank: IsolatedBank: EnumDevices count=0, map=[]
2026-07-13 10:28:07.539 [Warning] LightServer.Services.ComLightIsolatedBank: IsolatedBank: пропуск COM1: COM1 не найден в EnumDevices. Видно: []
2026-07-13 10:28:07.539 [Error] LightServer.Services.ComLightIsolatedBank: IsolatedBank: COM1 не найден в EnumDevices. Видно: []
2026-07-13 10:28:07.539 [Error] LightServer.Services.ComLightBankService: ComLightBank: инициализация не удалась: COM1 не найден в EnumDevices. Видно: []
2026-07-13 10:28:07.539 [Information] LightServer.Logging.HttpExchangeLoggingMiddleware: HTTP GET /api/com/light => 200
  >> Request: (empty)
  << Response: {"initialized":false,"partial":false,"configPath":"D:\\visionGay\\defect-detector-v3\\config\\blocks\\51-light-hardware.yaml","loadedFromYaml":true,"devices":[{"id":"com1","comPort":"COM1","channels":[1,2],"ready":false,"skipped":"COM1 не найден в EnumDevices. Видно: []"}],"readyDevices":[],"skippedPorts":{"COM1":"COM1 не найден в EnumDevices. Видно: []"},"channelOrder":"","configuredChannelOrder":"COM1:1, COM1:2","usage":{"post":"POST /api/com/light","bodyOn":{"state":"on","brightness":"100"},"bodyOff":{"state":"off"},"note":"brightness применяется только к подключённым COM (readyDevices)"}}
2026-07-13 10:28:07.963 [Information] LightServer.Services.ComLightIsolatedBank: IsolatedBank: EnumDevices count=0, map=[]
2026-07-13 10:28:07.964 [Warning] LightServer.Services.ComLightIsolatedBank: IsolatedBank: пропуск COM1: COM1 не найден в EnumDevices. Видно: []
2026-07-13 10:28:07.964 [Error] LightServer.Services.ComLightIsolatedBank: IsolatedBank: COM1 не найден в EnumDevices. Видно: []
2026-07-13 10:28:07.964 [Error] LightServer.Services.ComLightBankService: ComLightBank: инициализация не удалась: COM1 не найден в EnumDevices. Видно: []
2026-07-13 10:28:07.964 [Information] LightServer.Logging.HttpExchangeLoggingMiddleware: HTTP GET /api/com/light => 200
  >> Request: (empty)
  << Response: {"initialized":false,"partial":false,"configPath":"D:\\visionGay\\defect-detector-v3\\config\\blocks\\51-light-hardware.yaml","loadedFromYaml":true,"devices":[{"id":"com1","comPort":"COM1","channels":[1,2],"ready":false,"skipped":"COM1 не найден в EnumDevices. Видно: []"}],"readyDevices":[],"skippedPorts":{"COM1":"COM1 не найден в EnumDevices. Видно: []"},"channelOrder":"","configuredChannelOrder":"COM1:1, COM1:2","usage":{"post":"POST /api/com/light","bodyOn":{"state":"on","brightness":"100"},"bodyOff":{"state":"off"},"note":"brightness применяется только к подключённым COM (readyDevices)"}}
2026-07-13 10:28:08.389 [Information] LightServer.Services.ComLightIsolatedBank: IsolatedBank: EnumDevices count=0, map=[]
2026-07-13 10:28:08.389 [Warning] LightServer.Services.ComLightIsolatedBank: IsolatedBank: пропуск COM1: COM1 не найден в EnumDevices. Видно: []
2026-07-13 10:28:08.390 [Error] LightServer.Services.ComLightIsolatedBank: IsolatedBank: COM1 не найден в EnumDevices. Видно: []
2026-07-13 10:28:08.390 [Error] LightServer.Services.ComLightBankService: ComLightBank: инициализация не удалась: COM1 не найден в EnumDevices. Видно: []
2026-07-13 10:28:08.390 [Information] LightServer.Logging.HttpExchangeLoggingMiddleware: HTTP GET /api/com/light => 200
  >> Request: (empty)
  << Response: {"initialized":false,"partial":false,"configPath":"D:\\visionGay\\defect-detector-v3\\config\\blocks\\51-light-hardware.yaml","loadedFromYaml":true,"devices":[{"id":"com1","comPort":"COM1","channels":[1,2],"ready":false,"skipped":"COM1 не найден в EnumDevices. Видно: []"}],"readyDevices":[],"skippedPorts":{"COM1":"COM1 не найден в EnumDevices. Видно: []"},"channelOrder":"","configuredChannelOrder":"COM1:1, COM1:2","usage":{"post":"POST /api/com/light","bodyOn":{"state":"on","brightness":"100"},"bodyOff":{"state":"off"},"note":"brightness применяется только к подключённым COM (readyDevices)"}}
2026-07-13 10:28:08.817 [Information] LightServer.Services.ComLightIsolatedBank: IsolatedBank: EnumDevices count=0, map=[]
2026-07-13 10:28:08.817 [Warning] LightServer.Services.ComLightIsolatedBank: IsolatedBank: пропуск COM1: COM1 не найден в EnumDevices. Видно: []
2026-07-13 10:28:08.818 [Error] LightServer.Services.ComLightIsolatedBank: IsolatedBank: COM1 не найден в EnumDevices. Видно: []
2026-07-13 10:28:08.818 [Error] LightServer.Services.ComLightBankService: ComLightBank: инициализация не удалась: COM1 не найден в EnumDevices. Видно: []
2026-07-13 10:28:08.818 [Information] LightServer.Logging.HttpExchangeLoggingMiddleware: HTTP GET /api/com/light => 200
  >> Request: (empty)
  << Response: {"initialized":false,"partial":false,"configPath":"D:\\visionGay\\defect-detector-v3\\config\\blocks\\51-light-hardware.yaml","loadedFromYaml":true,"devices":[{"id":"com1","comPort":"COM1","channels":[1,2],"ready":false,"skipped":"COM1 не найден в EnumDevices. Видно: []"}],"readyDevices":[],"skippedPorts":{"COM1":"COM1 не найден в EnumDevices. Видно: []"},"channelOrder":"","configuredChannelOrder":"COM1:1, COM1:2","usage":{"post":"POST /api/com/light","bodyOn":{"state":"on","brightness":"100"},"bodyOff":{"state":"off"},"note":"brightness применяется только к подключённым COM (readyDevices)"}}
2026-07-13 10:28:09.247 [Information] LightServer.Services.ComLightIsolatedBank: IsolatedBank: EnumDevices count=0, map=[]
2026-07-13 10:28:09.247 [Warning] LightServer.Services.ComLightIsolatedBank: IsolatedBank: пропуск COM1: COM1 не найден в EnumDevices. Видно: []
2026-07-13 10:28:09.247 [Error] LightServer.Services.ComLightIsolatedBank: IsolatedBank: COM1 не найден в EnumDevices. Видно: []
2026-07-13 10:28:09.248 [Error] LightServer.Services.ComLightBankService: ComLightBank: инициализация не удалась: COM1 не найден в EnumDevices. Видно: []
2026-07-13 10:28:09.248 [Information] LightServer.Logging.HttpExchangeLoggingMiddleware: HTTP GET /api/com/light => 200
  >> Request: (empty)
  << Response: {"initialized":false,"partial":false,"configPath":"D:\\visionGay\\defect-detector-v3\\config\\blocks\\51-light-hardware.yaml","loadedFromYaml":true,"devices":[{"id":"com1","comPort":"COM1","channels":[1,2],"ready":false,"skipped":"COM1 не найден в EnumDevices. Видно: []"}],"readyDevices":[],"skippedPorts":{"COM1":"COM1 не найден в EnumDevices. Видно: []"},"channelOrder":"","configuredChannelOrder":"COM1:1, COM1:2","usage":{"post":"POST /api/com/light","bodyOn":{"state":"on","brightness":"100"},"bodyOff":{"state":"off"},"note":"brightness применяется только к подключённым COM (readyDevices)"}}
2026-07-13 10:28:09.672 [Information] LightServer.Services.ComLightIsolatedBank: IsolatedBank: EnumDevices count=0, map=[]
2026-07-13 10:28:09.672 [Warning] LightServer.Services.ComLightIsolatedBank: IsolatedBank: пропуск COM1: COM1 не найден в EnumDevices. Видно: []
2026-07-13 10:28:09.672 [Error] LightServer.Services.ComLightIsolatedBank: IsolatedBank: COM1 не найден в EnumDevices. Видно: []
2026-07-13 10:28:09.672 [Error] LightServer.Services.ComLightBankService: ComLightBank: инициализация не удалась: COM1 не найден в EnumDevices. Видно: []
2026-07-13 10:28:09.673 [Information] LightServer.Logging.HttpExchangeLoggingMiddleware: HTTP GET /api/com/light => 200
  >> Request: (empty)
  << Response: {"initialized":false,"partial":false,"configPath":"D:\\visionGay\\defect-detector-v3\\config\\blocks\\51-light-hardware.yaml","loadedFromYaml":true,"devices":[{"id":"com1","comPort":"COM1","channels":[1,2],"ready":false,"skipped":"COM1 не найден в EnumDevices. Видно: []"}],"readyDevices":[],"skippedPorts":{"COM1":"COM1 не найден в EnumDevices. Видно: []"},"channelOrder":"","configuredChannelOrder":"COM1:1, COM1:2","usage":{"post":"POST /api/com/light","bodyOn":{"state":"on","brightness":"100"},"bodyOff":{"state":"off"},"note":"brightness применяется только к подключённым COM (readyDevices)"}}
2026-07-13 10:28:10.099 [Information] LightServer.Services.ComLightIsolatedBank: IsolatedBank: EnumDevices count=0, map=[]
2026-07-13 10:28:10.099 [Warning] LightServer.Services.ComLightIsolatedBank: IsolatedBank: пропуск COM1: COM1 не найден в EnumDevices. Видно: []
2026-07-13 10:28:10.099 [Error] LightServer.Services.ComLightIsolatedBank: IsolatedBank: COM1 не найден в EnumDevices. Видно: []
2026-07-13 10:28:10.099 [Error] LightServer.Services.ComLightBankService: ComLightBank: инициализация не удалась: COM1 не найден в EnumDevices. Видно: []
2026-07-13 10:28:10.099 [Information] LightServer.Logging.HttpExchangeLoggingMiddleware: HTTP GET /api/com/light => 200
  >> Request: (empty)
  << Response: {"initialized":false,"partial":false,"configPath":"D:\\visionGay\\defect-detector-v3\\config\\blocks\\51-light-hardware.yaml","loadedFromYaml":true,"devices":[{"id":"com1","comPort":"COM1","channels":[1,2],"ready":false,"skipped":"COM1 не найден в EnumDevices. Видно: []"}],"readyDevices":[],"skippedPorts":{"COM1":"COM1 не найден в EnumDevices. Видно: []"},"channelOrder":"","configuredChannelOrder":"COM1:1, COM1:2","usage":{"post":"POST /api/com/light","bodyOn":{"state":"on","brightness":"100"},"bodyOff":{"state":"off"},"note":"brightness применяется только к подключённым COM (readyDevices)"}}
2026-07-13 10:28:10.528 [Information] LightServer.Services.ComLightIsolatedBank: IsolatedBank: EnumDevices count=0, map=[]
2026-07-13 10:28:10.528 [Warning] LightServer.Services.ComLightIsolatedBank: IsolatedBank: пропуск COM1: COM1 не найден в EnumDevices. Видно: []
2026-07-13 10:28:10.528 [Error] LightServer.Services.ComLightIsolatedBank: IsolatedBank: COM1 не найден в EnumDevices. Видно: []
2026-07-13 10:28:10.528 [Error] LightServer.Services.ComLightBankService: ComLightBank: инициализация не удалась: COM1 не найден в EnumDevices. Видно: []
2026-07-13 10:28:10.528 [Information] LightServer.Logging.HttpExchangeLoggingMiddleware: HTTP GET /api/com/light => 200
  >> Request: (empty)
  << Response: {"initialized":false,"partial":false,"configPath":"D:\\visionGay\\defect-detector-v3\\config\\blocks\\51-light-hardware.yaml","loadedFromYaml":true,"devices":[{"id":"com1","comPort":"COM1","channels":[1,2],"ready":false,"skipped":"COM1 не найден в EnumDevices. Видно: []"}],"readyDevices":[],"skippedPorts":{"COM1":"COM1 не найден в EnumDevices. Видно: []"},"channelOrder":"","configuredChannelOrder":"COM1:1, COM1:2","usage":{"post":"POST /api/com/light","bodyOn":{"state":"on","brightness":"100"},"bodyOff":{"state":"off"},"note":"brightness применяется только к подключённым COM (readyDevices)"}}
2026-07-13 10:28:10.955 [Information] LightServer.Services.ComLightIsolatedBank: IsolatedBank: EnumDevices count=0, map=[]
2026-07-13 10:28:10.956 [Warning] LightServer.Services.ComLightIsolatedBank: IsolatedBank: пропуск COM1: COM1 не найден в EnumDevices. Видно: []
2026-07-13 10:28:10.956 [Error] LightServer.Services.ComLightIsolatedBank: IsolatedBank: COM1 не найден в EnumDevices. Видно: []
2026-07-13 10:28:10.956 [Error] LightServer.Services.ComLightBankService: ComLightBank: инициализация не удалась: COM1 не найден в EnumDevices. Видно: []
2026-07-13 10:28:10.956 [Information] LightServer.Logging.HttpExchangeLoggingMiddleware: HTTP GET /api/com/light => 200
  >> Request: (empty)
  << Response: {"initialized":false,"partial":false,"configPath":"D:\\visionGay\\defect-detector-v3\\config\\blocks\\51-light-hardware.yaml","loadedFromYaml":true,"devices":[{"id":"com1","comPort":"COM1","channels":[1,2],"ready":false,"skipped":"COM1 не найден в EnumDevices. Видно: []"}],"readyDevices":[],"skippedPorts":{"COM1":"COM1 не найден в EnumDevices. Видно: []"},"channelOrder":"","configuredChannelOrder":"COM1:1, COM1:2","usage":{"post":"POST /api/com/light","bodyOn":{"state":"on","brightness":"100"},"bodyOff":{"state":"off"},"note":"brightness применяется только к подключённым COM (readyDevices)"}}
2026-07-13 10:28:11.382 [Information] LightServer.Services.ComLightIsolatedBank: IsolatedBank: EnumDevices count=0, map=[]
2026-07-13 10:28:11.382 [Warning] LightServer.Services.ComLightIsolatedBank: IsolatedBank: пропуск COM1: COM1 не найден в EnumDevices. Видно: []
2026-07-13 10:28:11.383 [Error] LightServer.Services.ComLightIsolatedBank: IsolatedBank: COM1 не найден в EnumDevices. Видно: []
2026-07-13 10:28:11.383 [Error] LightServer.Services.ComLightBankService: ComLightBank: инициализация не удалась: COM1 не найден в EnumDevices. Видно: []
2026-07-13 10:28:11.383 [Information] LightServer.Logging.HttpExchangeLoggingMiddleware: HTTP GET /api/com/light => 200
  >> Request: (empty)
  << Response: {"initialized":false,"partial":false,"configPath":"D:\\visionGay\\defect-detector-v3\\config\\blocks\\51-light-hardware.yaml","loadedFromYaml":true,"devices":[{"id":"com1","comPort":"COM1","channels":[1,2],"ready":false,"skipped":"COM1 не найден в EnumDevices. Видно: []"}],"readyDevices":[],"skippedPorts":{"COM1":"COM1 не найден в EnumDevices. Видно: []"},"channelOrder":"","configuredChannelOrder":"COM1:1, COM1:2","usage":{"post":"POST /api/com/light","bodyOn":{"state":"on","brightness":"100"},"bodyOff":{"state":"off"},"note":"brightness применяется только к подключённым COM (readyDevices)"}}
2026-07-13 10:28:11.807 [Information] LightServer.Services.ComLightIsolatedBank: IsolatedBank: EnumDevices count=0, map=[]
2026-07-13 10:28:11.807 [Warning] LightServer.Services.ComLightIsolatedBank: IsolatedBank: пропуск COM1: COM1 не найден в EnumDevices. Видно: []
2026-07-13 10:28:11.808 [Error] LightServer.Services.ComLightIsolatedBank: IsolatedBank: COM1 не найден в EnumDevices. Видно: []
2026-07-13 10:28:11.808 [Error] LightServer.Services.ComLightBankService: ComLightBank: инициализация не удалась: COM1 не найден в EnumDevices. Видно: []
2026-07-13 10:28:11.808 [Information] LightServer.Logging.HttpExchangeLoggingMiddleware: HTTP GET /api/com/light => 200
  >> Request: (empty)
  << Response: {"initialized":false,"partial":false,"configPath":"D:\\visionGay\\defect-detector-v3\\config\\blocks\\51-light-hardware.yaml","loadedFromYaml":true,"devices":[{"id":"com1","comPort":"COM1","channels":[1,2],"ready":false,"skipped":"COM1 не найден в EnumDevices. Видно: []"}],"readyDevices":[],"skippedPorts":{"COM1":"COM1 не найден в EnumDevices. Видно: []"},"channelOrder":"","configuredChannelOrder":"COM1:1, COM1:2","usage":{"post":"POST /api/com/light","bodyOn":{"state":"on","brightness":"100"},"bodyOff":{"state":"off"},"note":"brightness применяется только к подключённым COM (readyDevices)"}}
2026-07-13 10:28:12.235 [Information] LightServer.Services.ComLightIsolatedBank: IsolatedBank: EnumDevices count=0, map=[]
2026-07-13 10:28:12.235 [Warning] LightServer.Services.ComLightIsolatedBank: IsolatedBank: пропуск COM1: COM1 не найден в EnumDevices. Видно: []
2026-07-13 10:28:12.235 [Error] LightServer.Services.ComLightIsolatedBank: IsolatedBank: COM1 не найден в EnumDevices. Видно: []
2026-07-13 10:28:12.235 [Error] LightServer.Services.ComLightBankService: ComLightBank: инициализация не удалась: COM1 не найден в EnumDevices. Видно: []
2026-07-13 10:28:12.236 [Information] LightServer.Logging.HttpExchangeLoggingMiddleware: HTTP GET /api/com/light => 200
  >> Request: (empty)
  << Response: {"initialized":false,"partial":false,"configPath":"D:\\visionGay\\defect-detector-v3\\config\\blocks\\51-light-hardware.yaml","loadedFromYaml":true,"devices":[{"id":"com1","comPort":"COM1","channels":[1,2],"ready":false,"skipped":"COM1 не найден в EnumDevices. Видно: []"}],"readyDevices":[],"skippedPorts":{"COM1":"COM1 не найден в EnumDevices. Видно: []"},"channelOrder":"","configuredChannelOrder":"COM1:1, COM1:2","usage":{"post":"POST /api/com/light","bodyOn":{"state":"on","brightness":"100"},"bodyOff":{"state":"off"},"note":"brightness применяется только к подключённым COM (readyDevices)"}}
2026-07-13 10:28:12.664 [Information] LightServer.Services.ComLightIsolatedBank: IsolatedBank: EnumDevices count=0, map=[]
2026-07-13 10:28:12.664 [Warning] LightServer.Services.ComLightIsolatedBank: IsolatedBank: пропуск COM1: COM1 не найден в EnumDevices. Видно: []
2026-07-13 10:28:12.664 [Error] LightServer.Services.ComLightIsolatedBank: IsolatedBank: COM1 не найден в EnumDevices. Видно: []
2026-07-13 10:28:12.664 [Error] LightServer.Services.ComLightBankService: ComLightBank: инициализация не удалась: COM1 не найден в EnumDevices. Видно: []
2026-07-13 10:28:12.664 [Information] LightServer.Logging.HttpExchangeLoggingMiddleware: HTTP GET /api/com/light => 200
  >> Request: (empty)
  << Response: {"initialized":false,"partial":false,"configPath":"D:\\visionGay\\defect-detector-v3\\config\\blocks\\51-light-hardware.yaml","loadedFromYaml":true,"devices":[{"id":"com1","comPort":"COM1","channels":[1,2],"ready":false,"skipped":"COM1 не найден в EnumDevices. Видно: []"}],"readyDevices":[],"skippedPorts":{"COM1":"COM1 не найден в EnumDevices. Видно: []"},"channelOrder":"","configuredChannelOrder":"COM1:1, COM1:2","usage":{"post":"POST /api/com/light","bodyOn":{"state":"on","brightness":"100"},"bodyOff":{"state":"off"},"note":"brightness применяется только к подключённым COM (readyDevices)"}}
2026-07-13 10:28:13.092 [Information] LightServer.Services.ComLightIsolatedBank: IsolatedBank: EnumDevices count=0, map=[]
2026-07-13 10:28:13.092 [Warning] LightServer.Services.ComLightIsolatedBank: IsolatedBank: пропуск COM1: COM1 не найден в EnumDevices. Видно: []
2026-07-13 10:28:13.092 [Error] LightServer.Services.ComLightIsolatedBank: IsolatedBank: COM1 не найден в EnumDevices. Видно: []
2026-07-13 10:28:13.092 [Error] LightServer.Services.ComLightBankService: ComLightBank: инициализация не удалась: COM1 не найден в EnumDevices. Видно: []
2026-07-13 10:28:13.092 [Information] LightServer.Logging.HttpExchangeLoggingMiddleware: HTTP GET /api/com/light => 200
  >> Request: (empty)
  << Response: {"initialized":false,"partial":false,"configPath":"D:\\visionGay\\defect-detector-v3\\config\\blocks\\51-light-hardware.yaml","loadedFromYaml":true,"devices":[{"id":"com1","comPort":"COM1","channels":[1,2],"ready":false,"skipped":"COM1 не найден в EnumDevices. Видно: []"}],"readyDevices":[],"skippedPorts":{"COM1":"COM1 не найден в EnumDevices. Видно: []"},"channelOrder":"","configuredChannelOrder":"COM1:1, COM1:2","usage":{"post":"POST /api/com/light","bodyOn":{"state":"on","brightness":"100"},"bodyOff":{"state":"off"},"note":"brightness применяется только к подключённым COM (readyDevices)"}}
2026-07-13 10:28:13.520 [Information] LightServer.Services.ComLightIsolatedBank: IsolatedBank: EnumDevices count=0, map=[]
2026-07-13 10:28:13.520 [Warning] LightServer.Services.ComLightIsolatedBank: IsolatedBank: пропуск COM1: COM1 не найден в EnumDevices. Видно: []
2026-07-13 10:28:13.520 [Error] LightServer.Services.ComLightIsolatedBank: IsolatedBank: COM1 не найден в EnumDevices. Видно: []
2026-07-13 10:28:13.520 [Error] LightServer.Services.ComLightBankService: ComLightBank: инициализация не удалась: COM1 не найден в EnumDevices. Видно: []
2026-07-13 10:28:13.520 [Information] LightServer.Logging.HttpExchangeLoggingMiddleware: HTTP GET /api/com/light => 200
  >> Request: (empty)
  << Response: {"initialized":false,"partial":false,"configPath":"D:\\visionGay\\defect-detector-v3\\config\\blocks\\51-light-hardware.yaml","loadedFromYaml":true,"devices":[{"id":"com1","comPort":"COM1","channels":[1,2],"ready":false,"skipped":"COM1 не найден в EnumDevices. Видно: []"}],"readyDevices":[],"skippedPorts":{"COM1":"COM1 не найден в EnumDevices. Видно: []"},"channelOrder":"","configuredChannelOrder":"COM1:1, COM1:2","usage":{"post":"POST /api/com/light","bodyOn":{"state":"on","brightness":"100"},"bodyOff":{"state":"off"},"note":"brightness применяется только к подключённым COM (readyDevices)"}}
2026-07-13 10:28:13.945 [Information] LightServer.Services.ComLightIsolatedBank: IsolatedBank: EnumDevices count=0, map=[]
2026-07-13 10:28:13.946 [Warning] LightServer.Services.ComLightIsolatedBank: IsolatedBank: пропуск COM1: COM1 не найден в EnumDevices. Видно: []
2026-07-13 10:28:13.946 [Error] LightServer.Services.ComLightIsolatedBank: IsolatedBank: COM1 не найден в EnumDevices. Видно: []
2026-07-13 10:28:13.946 [Error] LightServer.Services.ComLightBankService: ComLightBank: инициализация не удалась: COM1 не найден в EnumDevices. Видно: []
2026-07-13 10:28:13.946 [Information] LightServer.Logging.HttpExchangeLoggingMiddleware: HTTP GET /api/com/light => 200
  >> Request: (empty)
  << Response: {"initialized":false,"partial":false,"configPath":"D:\\visionGay\\defect-detector-v3\\config\\blocks\\51-light-hardware.yaml","loadedFromYaml":true,"devices":[{"id":"com1","comPort":"COM1","channels":[1,2],"ready":false,"skipped":"COM1 не найден в EnumDevices. Видно: []"}],"readyDevices":[],"skippedPorts":{"COM1":"COM1 не найден в EnumDevices. Видно: []"},"channelOrder":"","configuredChannelOrder":"COM1:1, COM1:2","usage":{"post":"POST /api/com/light","bodyOn":{"state":"on","brightness":"100"},"bodyOff":{"state":"off"},"note":"brightness применяется только к подключённым COM (readyDevices)"}}
2026-07-13 10:28:14.374 [Information] LightServer.Services.ComLightIsolatedBank: IsolatedBank: EnumDevices count=0, map=[]
2026-07-13 10:28:14.374 [Warning] LightServer.Services.ComLightIsolatedBank: IsolatedBank: пропуск COM1: COM1 не найден в EnumDevices. Видно: []
2026-07-13 10:28:14.375 [Error] LightServer.Services.ComLightIsolatedBank: IsolatedBank: COM1 не найден в EnumDevices. Видно: []
2026-07-13 10:28:14.375 [Error] LightServer.Services.ComLightBankService: ComLightBank: инициализация не удалась: COM1 не найден в EnumDevices. Видно: []
2026-07-13 10:28:14.375 [Information] LightServer.Logging.HttpExchangeLoggingMiddleware: HTTP GET /api/com/light => 200
  >> Request: (empty)
  << Response: {"initialized":false,"partial":false,"configPath":"D:\\visionGay\\defect-detector-v3\\config\\blocks\\51-light-hardware.yaml","loadedFromYaml":true,"devices":[{"id":"com1","comPort":"COM1","channels":[1,2],"ready":false,"skipped":"COM1 не найден в EnumDevices. Видно: []"}],"readyDevices":[],"skippedPorts":{"COM1":"COM1 не найден в EnumDevices. Видно: []"},"channelOrder":"","configuredChannelOrder":"COM1:1, COM1:2","usage":{"post":"POST /api/com/light","bodyOn":{"state":"on","brightness":"100"},"bodyOff":{"state":"off"},"note":"brightness применяется только к подключённым COM (readyDevices)"}}
2026-07-13 10:28:14.802 [Information] LightServer.Services.ComLightIsolatedBank: IsolatedBank: EnumDevices count=0, map=[]
2026-07-13 10:28:14.802 [Warning] LightServer.Services.ComLightIsolatedBank: IsolatedBank: пропуск COM1: COM1 не найден в EnumDevices. Видно: []
2026-07-13 10:28:14.802 [Error] LightServer.Services.ComLightIsolatedBank: IsolatedBank: COM1 не найден в EnumDevices. Видно: []
2026-07-13 10:28:14.802 [Error] LightServer.Services.ComLightBankService: ComLightBank: инициализация не удалась: COM1 не найден в EnumDevices. Видно: []
2026-07-13 10:28:14.803 [Information] LightServer.Logging.HttpExchangeLoggingMiddleware: HTTP GET /api/com/light => 200
  >> Request: (empty)
  << Response: {"initialized":false,"partial":false,"configPath":"D:\\visionGay\\defect-detector-v3\\config\\blocks\\51-light-hardware.yaml","loadedFromYaml":true,"devices":[{"id":"com1","comPort":"COM1","channels":[1,2],"ready":false,"skipped":"COM1 не найден в EnumDevices. Видно: []"}],"readyDevices":[],"skippedPorts":{"COM1":"COM1 не найден в EnumDevices. Видно: []"},"channelOrder":"","configuredChannelOrder":"COM1:1, COM1:2","usage":{"post":"POST /api/com/light","bodyOn":{"state":"on","brightness":"100"},"bodyOff":{"state":"off"},"note":"brightness применяется только к подключённым COM (readyDevices)"}}
2026-07-13 10:28:15.229 [Information] LightServer.Services.ComLightIsolatedBank: IsolatedBank: EnumDevices count=0, map=[]
2026-07-13 10:28:15.229 [Warning] LightServer.Services.ComLightIsolatedBank: IsolatedBank: пропуск COM1: COM1 не найден в EnumDevices. Видно: []
2026-07-13 10:28:15.229 [Error] LightServer.Services.ComLightIsolatedBank: IsolatedBank: COM1 не найден в EnumDevices. Видно: []
2026-07-13 10:28:15.229 [Error] LightServer.Services.ComLightBankService: ComLightBank: инициализация не удалась: COM1 не найден в EnumDevices. Видно: []
2026-07-13 10:28:15.230 [Information] LightServer.Logging.HttpExchangeLoggingMiddleware: HTTP GET /api/com/light => 200
  >> Request: (empty)
  << Response: {"initialized":false,"partial":false,"configPath":"D:\\visionGay\\defect-detector-v3\\config\\blocks\\51-light-hardware.yaml","loadedFromYaml":true,"devices":[{"id":"com1","comPort":"COM1","channels":[1,2],"ready":false,"skipped":"COM1 не найден в EnumDevices. Видно: []"}],"readyDevices":[],"skippedPorts":{"COM1":"COM1 не найден в EnumDevices. Видно: []"},"channelOrder":"","configuredChannelOrder":"COM1:1, COM1:2","usage":{"post":"POST /api/com/light","bodyOn":{"state":"on","brightness":"100"},"bodyOff":{"state":"off"},"note":"brightness применяется только к подключённым COM (readyDevices)"}}
2026-07-13 10:28:15.657 [Information] LightServer.Services.ComLightIsolatedBank: IsolatedBank: EnumDevices count=0, map=[]
2026-07-13 10:28:15.657 [Warning] LightServer.Services.ComLightIsolatedBank: IsolatedBank: пропуск COM1: COM1 не найден в EnumDevices. Видно: []
2026-07-13 10:28:15.657 [Error] LightServer.Services.ComLightIsolatedBank: IsolatedBank: COM1 не найден в EnumDevices. Видно: []
2026-07-13 10:28:15.657 [Error] LightServer.Services.ComLightBankService: ComLightBank: инициализация не удалась: COM1 не найден в EnumDevices. Видно: []
2026-07-13 10:28:15.657 [Information] LightServer.Logging.HttpExchangeLoggingMiddleware: HTTP GET /api/com/light => 200
  >> Request: (empty)
  << Response: {"initialized":false,"partial":false,"configPath":"D:\\visionGay\\defect-detector-v3\\config\\blocks\\51-light-hardware.yaml","loadedFromYaml":true,"devices":[{"id":"com1","comPort":"COM1","channels":[1,2],"ready":false,"skipped":"COM1 не найден в EnumDevices. Видно: []"}],"readyDevices":[],"skippedPorts":{"COM1":"COM1 не найден в EnumDevices. Видно: []"},"channelOrder":"","configuredChannelOrder":"COM1:1, COM1:2","usage":{"post":"POST /api/com/light","bodyOn":{"state":"on","brightness":"100"},"bodyOff":{"state":"off"},"note":"brightness применяется только к подключённым COM (readyDevices)"}}
2026-07-13 10:28:16.083 [Information] LightServer.Services.ComLightIsolatedBank: IsolatedBank: EnumDevices count=0, map=[]
2026-07-13 10:28:16.083 [Warning] LightServer.Services.ComLightIsolatedBank: IsolatedBank: пропуск COM1: COM1 не найден в EnumDevices. Видно: []
2026-07-13 10:28:16.083 [Error] LightServer.Services.ComLightIsolatedBank: IsolatedBank: COM1 не найден в EnumDevices. Видно: []
2026-07-13 10:28:16.083 [Error] LightServer.Services.ComLightBankService: ComLightBank: инициализация не удалась: COM1 не найден в EnumDevices. Видно: []
2026-07-13 10:28:16.083 [Information] LightServer.Logging.HttpExchangeLoggingMiddleware: HTTP GET /api/com/light => 200
  >> Request: (empty)
  << Response: {"initialized":false,"partial":false,"configPath":"D:\\visionGay\\defect-detector-v3\\config\\blocks\\51-light-hardware.yaml","loadedFromYaml":true,"devices":[{"id":"com1","comPort":"COM1","channels":[1,2],"ready":false,"skipped":"COM1 не найден в EnumDevices. Видно: []"}],"readyDevices":[],"skippedPorts":{"COM1":"COM1 не найден в EnumDevices. Видно: []"},"channelOrder":"","configuredChannelOrder":"COM1:1, COM1:2","usage":{"post":"POST /api/com/light","bodyOn":{"state":"on","brightness":"100"},"bodyOff":{"state":"off"},"note":"brightness применяется только к подключённым COM (readyDevices)"}}
2026-07-13 10:28:16.509 [Information] LightServer.Services.ComLightIsolatedBank: IsolatedBank: EnumDevices count=0, map=[]
2026-07-13 10:28:16.510 [Warning] LightServer.Services.ComLightIsolatedBank: IsolatedBank: пропуск COM1: COM1 не найден в EnumDevices. Видно: []
2026-07-13 10:28:16.510 [Error] LightServer.Services.ComLightIsolatedBank: IsolatedBank: COM1 не найден в EnumDevices. Видно: []
2026-07-13 10:28:16.510 [Error] LightServer.Services.ComLightBankService: ComLightBank: инициализация не удалась: COM1 не найден в EnumDevices. Видно: []
2026-07-13 10:28:16.510 [Information] LightServer.Logging.HttpExchangeLoggingMiddleware: HTTP GET /api/com/light => 200
  >> Request: (empty)
  << Response: {"initialized":false,"partial":false,"configPath":"D:\\visionGay\\defect-detector-v3\\config\\blocks\\51-light-hardware.yaml","loadedFromYaml":true,"devices":[{"id":"com1","comPort":"COM1","channels":[1,2],"ready":false,"skipped":"COM1 не найден в EnumDevices. Видно: []"}],"readyDevices":[],"skippedPorts":{"COM1":"COM1 не найден в EnumDevices. Видно: []"},"channelOrder":"","configuredChannelOrder":"COM1:1, COM1:2","usage":{"post":"POST /api/com/light","bodyOn":{"state":"on","brightness":"100"},"bodyOff":{"state":"off"},"note":"brightness применяется только к подключённым COM (readyDevices)"}}
2026-07-13 10:28:16.936 [Information] LightServer.Services.ComLightIsolatedBank: IsolatedBank: EnumDevices count=0, map=[]
2026-07-13 10:28:16.941 [Warning] LightServer.Services.ComLightIsolatedBank: IsolatedBank: пропуск COM1: COM1 не найден в EnumDevices. Видно: []
2026-07-13 10:28:16.941 [Error] LightServer.Services.ComLightIsolatedBank: IsolatedBank: COM1 не найден в EnumDevices. Видно: []
2026-07-13 10:28:16.941 [Error] LightServer.Services.ComLightBankService: ComLightBank: инициализация не удалась: COM1 не найден в EnumDevices. Видно: []
2026-07-13 10:28:16.941 [Information] LightServer.Logging.HttpExchangeLoggingMiddleware: HTTP GET /api/com/light => 200
  >> Request: (empty)
  << Response: {"initialized":false,"partial":false,"configPath":"D:\\visionGay\\defect-detector-v3\\config\\blocks\\51-light-hardware.yaml","loadedFromYaml":true,"devices":[{"id":"com1","comPort":"COM1","channels":[1,2],"ready":false,"skipped":"COM1 не найден в EnumDevices. Видно: []"}],"readyDevices":[],"skippedPorts":{"COM1":"COM1 не найден в EnumDevices. Видно: []"},"channelOrder":"","configuredChannelOrder":"COM1:1, COM1:2","usage":{"post":"POST /api/com/light","bodyOn":{"state":"on","brightness":"100"},"bodyOff":{"state":"off"},"note":"brightness применяется только к подключённым COM (readyDevices)"}}
2026-07-13 10:28:17.363 [Information] LightServer.Services.ComLightIsolatedBank: IsolatedBank: EnumDevices count=0, map=[]
2026-07-13 10:28:17.363 [Warning] LightServer.Services.ComLightIsolatedBank: IsolatedBank: пропуск COM1: COM1 не найден в EnumDevices. Видно: []
2026-07-13 10:28:17.364 [Error] LightServer.Services.ComLightIsolatedBank: IsolatedBank: COM1 не найден в EnumDevices. Видно: []
2026-07-13 10:28:17.364 [Error] LightServer.Services.ComLightBankService: ComLightBank: инициализация не удалась: COM1 не найден в EnumDevices. Видно: []
2026-07-13 10:28:17.364 [Information] LightServer.Logging.HttpExchangeLoggingMiddleware: HTTP GET /api/com/light => 200
  >> Request: (empty)
  << Response: {"initialized":false,"partial":false,"configPath":"D:\\visionGay\\defect-detector-v3\\config\\blocks\\51-light-hardware.yaml","loadedFromYaml":true,"devices":[{"id":"com1","comPort":"COM1","channels":[1,2],"ready":false,"skipped":"COM1 не найден в EnumDevices. Видно: []"}],"readyDevices":[],"skippedPorts":{"COM1":"COM1 не найден в EnumDevices. Видно: []"},"channelOrder":"","configuredChannelOrder":"COM1:1, COM1:2","usage":{"post":"POST /api/com/light","bodyOn":{"state":"on","brightness":"100"},"bodyOff":{"state":"off"},"note":"brightness применяется только к подключённым COM (readyDevices)"}}
2026-07-13 10:28:17.790 [Information] LightServer.Services.ComLightIsolatedBank: IsolatedBank: EnumDevices count=0, map=[]
2026-07-13 10:28:17.790 [Warning] LightServer.Services.ComLightIsolatedBank: IsolatedBank: пропуск COM1: COM1 не найден в EnumDevices. Видно: []
2026-07-13 10:28:17.791 [Error] LightServer.Services.ComLightIsolatedBank: IsolatedBank: COM1 не найден в EnumDevices. Видно: []
2026-07-13 10:28:17.791 [Error] LightServer.Services.ComLightBankService: ComLightBank: инициализация не удалась: COM1 не найден в EnumDevices. Видно: []
2026-07-13 10:28:17.791 [Information] LightServer.Logging.HttpExchangeLoggingMiddleware: HTTP GET /api/com/light => 200
  >> Request: (empty)
  << Response: {"initialized":false,"partial":false,"configPath":"D:\\visionGay\\defect-detector-v3\\config\\blocks\\51-light-hardware.yaml","loadedFromYaml":true,"devices":[{"id":"com1","comPort":"COM1","channels":[1,2],"ready":false,"skipped":"COM1 не найден в EnumDevices. Видно: []"}],"readyDevices":[],"skippedPorts":{"COM1":"COM1 не найден в EnumDevices. Видно: []"},"channelOrder":"","configuredChannelOrder":"COM1:1, COM1:2","usage":{"post":"POST /api/com/light","bodyOn":{"state":"on","brightness":"100"},"bodyOff":{"state":"off"},"note":"brightness применяется только к подключённым COM (readyDevices)"}}
2026-07-13 10:28:18.217 [Information] LightServer.Services.ComLightIsolatedBank: IsolatedBank: EnumDevices count=0, map=[]
2026-07-13 10:28:18.217 [Warning] LightServer.Services.ComLightIsolatedBank: IsolatedBank: пропуск COM1: COM1 не найден в EnumDevices. Видно: []
2026-07-13 10:28:18.217 [Error] LightServer.Services.ComLightIsolatedBank: IsolatedBank: COM1 не найден в EnumDevices. Видно: []
2026-07-13 10:28:18.217 [Error] LightServer.Services.ComLightBankService: ComLightBank: инициализация не удалась: COM1 не найден в EnumDevices. Видно: []
2026-07-13 10:28:18.218 [Information] LightServer.Logging.HttpExchangeLoggingMiddleware: HTTP GET /api/com/light => 200
  >> Request: (empty)
  << Response: {"initialized":false,"partial":false,"configPath":"D:\\visionGay\\defect-detector-v3\\config\\blocks\\51-light-hardware.yaml","loadedFromYaml":true,"devices":[{"id":"com1","comPort":"COM1","channels":[1,2],"ready":false,"skipped":"COM1 не найден в EnumDevices. Видно: []"}],"readyDevices":[],"skippedPorts":{"COM1":"COM1 не найден в EnumDevices. Видно: []"},"channelOrder":"","configuredChannelOrder":"COM1:1, COM1:2","usage":{"post":"POST /api/com/light","bodyOn":{"state":"on","brightness":"100"},"bodyOff":{"state":"off"},"note":"brightness применяется только к подключённым COM (readyDevices)"}}
2026-07-13 10:28:18.645 [Information] LightServer.Services.ComLightIsolatedBank: IsolatedBank: EnumDevices count=0, map=[]
2026-07-13 10:28:18.645 [Warning] LightServer.Services.ComLightIsolatedBank: IsolatedBank: пропуск COM1: COM1 не найден в EnumDevices. Видно: []
2026-07-13 10:28:18.645 [Error] LightServer.Services.ComLightIsolatedBank: IsolatedBank: COM1 не найден в EnumDevices. Видно: []
2026-07-13 10:28:18.645 [Error] LightServer.Services.ComLightBankService: ComLightBank: инициализация не удалась: COM1 не найден в EnumDevices. Видно: []
2026-07-13 10:28:18.646 [Information] LightServer.Logging.HttpExchangeLoggingMiddleware: HTTP GET /api/com/light => 200
  >> Request: (empty)
  << Response: {"initialized":false,"partial":false,"configPath":"D:\\visionGay\\defect-detector-v3\\config\\blocks\\51-light-hardware.yaml","loadedFromYaml":true,"devices":[{"id":"com1","comPort":"COM1","channels":[1,2],"ready":false,"skipped":"COM1 не найден в EnumDevices. Видно: []"}],"readyDevices":[],"skippedPorts":{"COM1":"COM1 не найден в EnumDevices. Видно: []"},"channelOrder":"","configuredChannelOrder":"COM1:1, COM1:2","usage":{"post":"POST /api/com/light","bodyOn":{"state":"on","brightness":"100"},"bodyOff":{"state":"off"},"note":"brightness применяется только к подключённым COM (readyDevices)"}}
2026-07-13 10:28:19.071 [Information] LightServer.Services.ComLightIsolatedBank: IsolatedBank: EnumDevices count=0, map=[]
2026-07-13 10:28:19.071 [Warning] LightServer.Services.ComLightIsolatedBank: IsolatedBank: пропуск COM1: COM1 не найден в EnumDevices. Видно: []
2026-07-13 10:28:19.071 [Error] LightServer.Services.ComLightIsolatedBank: IsolatedBank: COM1 не найден в EnumDevices. Видно: []
2026-07-13 10:28:19.071 [Error] LightServer.Services.ComLightBankService: ComLightBank: инициализация не удалась: COM1 не найден в EnumDevices. Видно: []
2026-07-13 10:28:19.071 [Information] LightServer.Logging.HttpExchangeLoggingMiddleware: HTTP GET /api/com/light => 200
  >> Request: (empty)
  << Response: {"initialized":false,"partial":false,"configPath":"D:\\visionGay\\defect-detector-v3\\config\\blocks\\51-light-hardware.yaml","loadedFromYaml":true,"devices":[{"id":"com1","comPort":"COM1","channels":[1,2],"ready":false,"skipped":"COM1 не найден в EnumDevices. Видно: []"}],"readyDevices":[],"skippedPorts":{"COM1":"COM1 не найден в EnumDevices. Видно: []"},"channelOrder":"","configuredChannelOrder":"COM1:1, COM1:2","usage":{"post":"POST /api/com/light","bodyOn":{"state":"on","brightness":"100"},"bodyOff":{"state":"off"},"note":"brightness применяется только к подключённым COM (readyDevices)"}}
2026-07-13 10:28:19.497 [Information] LightServer.Services.ComLightIsolatedBank: IsolatedBank: EnumDevices count=0, map=[]
2026-07-13 10:28:19.498 [Warning] LightServer.Services.ComLightIsolatedBank: IsolatedBank: пропуск COM1: COM1 не найден в EnumDevices. Видно: []
2026-07-13 10:28:19.498 [Error] LightServer.Services.ComLightIsolatedBank: IsolatedBank: COM1 не найден в EnumDevices. Видно: []
2026-07-13 10:28:19.498 [Error] LightServer.Services.ComLightBankService: ComLightBank: инициализация не удалась: COM1 не найден в EnumDevices. Видно: []
2026-07-13 10:28:19.498 [Information] LightServer.Logging.HttpExchangeLoggingMiddleware: HTTP GET /api/com/light => 200
  >> Request: (empty)
  << Response: {"initialized":false,"partial":false,"configPath":"D:\\visionGay\\defect-detector-v3\\config\\blocks\\51-light-hardware.yaml","loadedFromYaml":true,"devices":[{"id":"com1","comPort":"COM1","channels":[1,2],"ready":false,"skipped":"COM1 не найден в EnumDevices. Видно: []"}],"readyDevices":[],"skippedPorts":{"COM1":"COM1 не найден в EnumDevices. Видно: []"},"channelOrder":"","configuredChannelOrder":"COM1:1, COM1:2","usage":{"post":"POST /api/com/light","bodyOn":{"state":"on","brightness":"100"},"bodyOff":{"state":"off"},"note":"brightness применяется только к подключённым COM (readyDevices)"}}
2026-07-13 10:28:19.922 [Information] LightServer.Services.ComLightIsolatedBank: IsolatedBank: EnumDevices count=0, map=[]
2026-07-13 10:28:19.923 [Warning] LightServer.Services.ComLightIsolatedBank: IsolatedBank: пропуск COM1: COM1 не найден в EnumDevices. Видно: []
2026-07-13 10:28:19.923 [Error] LightServer.Services.ComLightIsolatedBank: IsolatedBank: COM1 не найден в EnumDevices. Видно: []
2026-07-13 10:28:19.923 [Error] LightServer.Services.ComLightBankService: ComLightBank: инициализация не удалась: COM1 не найден в EnumDevices. Видно: []
2026-07-13 10:28:19.923 [Information] LightServer.Logging.HttpExchangeLoggingMiddleware: HTTP GET /api/com/light => 200
  >> Request: (empty)
  << Response: {"initialized":false,"partial":false,"configPath":"D:\\visionGay\\defect-detector-v3\\config\\blocks\\51-light-hardware.yaml","loadedFromYaml":true,"devices":[{"id":"com1","comPort":"COM1","channels":[1,2],"ready":false,"skipped":"COM1 не найден в EnumDevices. Видно: []"}],"readyDevices":[],"skippedPorts":{"COM1":"COM1 не найден в EnumDevices. Видно: []"},"channelOrder":"","configuredChannelOrder":"COM1:1, COM1:2","usage":{"post":"POST /api/com/light","bodyOn":{"state":"on","brightness":"100"},"bodyOff":{"state":"off"},"note":"brightness применяется только к подключённым COM (readyDevices)"}}
2026-07-13 10:28:20.350 [Information] LightServer.Services.ComLightIsolatedBank: IsolatedBank: EnumDevices count=0, map=[]
2026-07-13 10:28:20.350 [Warning] LightServer.Services.ComLightIsolatedBank: IsolatedBank: пропуск COM1: COM1 не найден в EnumDevices. Видно: []
2026-07-13 10:28:20.350 [Error] LightServer.Services.ComLightIsolatedBank: IsolatedBank: COM1 не найден в EnumDevices. Видно: []
2026-07-13 10:28:20.351 [Error] LightServer.Services.ComLightBankService: ComLightBank: инициализация не удалась: COM1 не найден в EnumDevices. Видно: []
2026-07-13 10:28:20.351 [Information] LightServer.Logging.HttpExchangeLoggingMiddleware: HTTP GET /api/com/light => 200
  >> Request: (empty)
  << Response: {"initialized":false,"partial":false,"configPath":"D:\\visionGay\\defect-detector-v3\\config\\blocks\\51-light-hardware.yaml","loadedFromYaml":true,"devices":[{"id":"com1","comPort":"COM1","channels":[1,2],"ready":false,"skipped":"COM1 не найден в EnumDevices. Видно: []"}],"readyDevices":[],"skippedPorts":{"COM1":"COM1 не найден в EnumDevices. Видно: []"},"channelOrder":"","configuredChannelOrder":"COM1:1, COM1:2","usage":{"post":"POST /api/com/light","bodyOn":{"state":"on","brightness":"100"},"bodyOff":{"state":"off"},"note":"brightness применяется только к подключённым COM (readyDevices)"}}
2026-07-13 10:28:20.779 [Information] LightServer.Services.ComLightIsolatedBank: IsolatedBank: EnumDevices count=0, map=[]
2026-07-13 10:28:20.779 [Warning] LightServer.Services.ComLightIsolatedBank: IsolatedBank: пропуск COM1: COM1 не найден в EnumDevices. Видно: []
2026-07-13 10:28:20.779 [Error] LightServer.Services.ComLightIsolatedBank: IsolatedBank: COM1 не найден в EnumDevices. Видно: []
2026-07-13 10:28:20.779 [Error] LightServer.Services.ComLightBankService: ComLightBank: инициализация не удалась: COM1 не найден в EnumDevices. Видно: []
2026-07-13 10:28:20.780 [Information] LightServer.Logging.HttpExchangeLoggingMiddleware: HTTP GET /api/com/light => 200
  >> Request: (empty)
  << Response: {"initialized":false,"partial":false,"configPath":"D:\\visionGay\\defect-detector-v3\\config\\blocks\\51-light-hardware.yaml","loadedFromYaml":true,"devices":[{"id":"com1","comPort":"COM1","channels":[1,2],"ready":false,"skipped":"COM1 не найден в EnumDevices. Видно: []"}],"readyDevices":[],"skippedPorts":{"COM1":"COM1 не найден в EnumDevices. Видно: []"},"channelOrder":"","configuredChannelOrder":"COM1:1, COM1:2","usage":{"post":"POST /api/com/light","bodyOn":{"state":"on","brightness":"100"},"bodyOff":{"state":"off"},"note":"brightness применяется только к подключённым COM (readyDevices)"}}
2026-07-13 10:28:21.204 [Information] LightServer.Services.ComLightIsolatedBank: IsolatedBank: EnumDevices count=0, map=[]
2026-07-13 10:28:21.204 [Warning] LightServer.Services.ComLightIsolatedBank: IsolatedBank: пропуск COM1: COM1 не найден в EnumDevices. Видно: []
2026-07-13 10:28:21.204 [Error] LightServer.Services.ComLightIsolatedBank: IsolatedBank: COM1 не найден в EnumDevices. Видно: []
2026-07-13 10:28:21.204 [Error] LightServer.Services.ComLightBankService: ComLightBank: инициализация не удалась: COM1 не найден в EnumDevices. Видно: []
2026-07-13 10:28:21.204 [Information] LightServer.Logging.HttpExchangeLoggingMiddleware: HTTP GET /api/com/light => 200
  >> Request: (empty)
  << Response: {"initialized":false,"partial":false,"configPath":"D:\\visionGay\\defect-detector-v3\\config\\blocks\\51-light-hardware.yaml","loadedFromYaml":true,"devices":[{"id":"com1","comPort":"COM1","channels":[1,2],"ready":false,"skipped":"COM1 не найден в EnumDevices. Видно: []"}],"readyDevices":[],"skippedPorts":{"COM1":"COM1 не найден в EnumDevices. Видно: []"},"channelOrder":"","configuredChannelOrder":"COM1:1, COM1:2","usage":{"post":"POST /api/com/light","bodyOn":{"state":"on","brightness":"100"},"bodyOff":{"state":"off"},"note":"brightness применяется только к подключённым COM (readyDevices)"}}
2026-07-13 10:28:21.630 [Information] LightServer.Services.ComLightIsolatedBank: IsolatedBank: EnumDevices count=0, map=[]
2026-07-13 10:28:21.630 [Warning] LightServer.Services.ComLightIsolatedBank: IsolatedBank: пропуск COM1: COM1 не найден в EnumDevices. Видно: []
2026-07-13 10:28:21.630 [Error] LightServer.Services.ComLightIsolatedBank: IsolatedBank: COM1 не найден в EnumDevices. Видно: []
2026-07-13 10:28:21.630 [Error] LightServer.Services.ComLightBankService: ComLightBank: инициализация не удалась: COM1 не найден в EnumDevices. Видно: []
2026-07-13 10:28:21.630 [Information] LightServer.Logging.HttpExchangeLoggingMiddleware: HTTP GET /api/com/light => 200
  >> Request: (empty)
  << Response: {"initialized":false,"partial":false,"configPath":"D:\\visionGay\\defect-detector-v3\\config\\blocks\\51-light-hardware.yaml","loadedFromYaml":true,"devices":[{"id":"com1","comPort":"COM1","channels":[1,2],"ready":false,"skipped":"COM1 не найден в EnumDevices. Видно: []"}],"readyDevices":[],"skippedPorts":{"COM1":"COM1 не найден в EnumDevices. Видно: []"},"channelOrder":"","configuredChannelOrder":"COM1:1, COM1:2","usage":{"post":"POST /api/com/light","bodyOn":{"state":"on","brightness":"100"},"bodyOff":{"state":"off"},"note":"brightness применяется только к подключённым COM (readyDevices)"}}
2026-07-13 10:28:22.055 [Information] LightServer.Services.ComLightIsolatedBank: IsolatedBank: EnumDevices count=0, map=[]
2026-07-13 10:28:22.055 [Warning] LightServer.Services.ComLightIsolatedBank: IsolatedBank: пропуск COM1: COM1 не найден в EnumDevices. Видно: []
2026-07-13 10:28:22.055 [Error] LightServer.Services.ComLightIsolatedBank: IsolatedBank: COM1 не найден в EnumDevices. Видно: []
2026-07-13 10:28:22.055 [Error] LightServer.Services.ComLightBankService: ComLightBank: инициализация не удалась: COM1 не найден в EnumDevices. Видно: []
2026-07-13 10:28:22.055 [Information] LightServer.Logging.HttpExchangeLoggingMiddleware: HTTP GET /api/com/light => 200
  >> Request: (empty)
  << Response: {"initialized":false,"partial":false,"configPath":"D:\\visionGay\\defect-detector-v3\\config\\blocks\\51-light-hardware.yaml","loadedFromYaml":true,"devices":[{"id":"com1","comPort":"COM1","channels":[1,2],"ready":false,"skipped":"COM1 не найден в EnumDevices. Видно: []"}],"readyDevices":[],"skippedPorts":{"COM1":"COM1 не найден в EnumDevices. Видно: []"},"channelOrder":"","configuredChannelOrder":"COM1:1, COM1:2","usage":{"post":"POST /api/com/light","bodyOn":{"state":"on","brightness":"100"},"bodyOff":{"state":"off"},"note":"brightness применяется только к подключённым COM (readyDevices)"}}
2026-07-13 10:28:22.485 [Information] LightServer.Services.ComLightIsolatedBank: IsolatedBank: EnumDevices count=0, map=[]
2026-07-13 10:28:22.486 [Warning] LightServer.Services.ComLightIsolatedBank: IsolatedBank: пропуск COM1: COM1 не найден в EnumDevices. Видно: []
2026-07-13 10:28:22.486 [Error] LightServer.Services.ComLightIsolatedBank: IsolatedBank: COM1 не найден в EnumDevices. Видно: []
2026-07-13 10:28:22.486 [Error] LightServer.Services.ComLightBankService: ComLightBank: инициализация не удалась: COM1 не найден в EnumDevices. Видно: []
2026-07-13 10:28:22.486 [Information] LightServer.Logging.HttpExchangeLoggingMiddleware: HTTP GET /api/com/light => 200
  >> Request: (empty)
  << Response: {"initialized":false,"partial":false,"configPath":"D:\\visionGay\\defect-detector-v3\\config\\blocks\\51-light-hardware.yaml","loadedFromYaml":true,"devices":[{"id":"com1","comPort":"COM1","channels":[1,2],"ready":false,"skipped":"COM1 не найден в EnumDevices. Видно: []"}],"readyDevices":[],"skippedPorts":{"COM1":"COM1 не найден в EnumDevices. Видно: []"},"channelOrder":"","configuredChannelOrder":"COM1:1, COM1:2","usage":{"post":"POST /api/com/light","bodyOn":{"state":"on","brightness":"100"},"bodyOff":{"state":"off"},"note":"brightness применяется только к подключённым COM (readyDevices)"}}
2026-07-13 10:28:22.914 [Information] LightServer.Services.ComLightIsolatedBank: IsolatedBank: EnumDevices count=0, map=[]
2026-07-13 10:28:22.915 [Warning] LightServer.Services.ComLightIsolatedBank: IsolatedBank: пропуск COM1: COM1 не найден в EnumDevices. Видно: []
2026-07-13 10:28:22.915 [Error] LightServer.Services.ComLightIsolatedBank: IsolatedBank: COM1 не найден в EnumDevices. Видно: []
2026-07-13 10:28:22.915 [Error] LightServer.Services.ComLightBankService: ComLightBank: инициализация не удалась: COM1 не найден в EnumDevices. Видно: []
2026-07-13 10:28:22.915 [Information] LightServer.Logging.HttpExchangeLoggingMiddleware: HTTP GET /api/com/light => 200
  >> Request: (empty)
  << Response: {"initialized":false,"partial":false,"configPath":"D:\\visionGay\\defect-detector-v3\\config\\blocks\\51-light-hardware.yaml","loadedFromYaml":true,"devices":[{"id":"com1","comPort":"COM1","channels":[1,2],"ready":false,"skipped":"COM1 не найден в EnumDevices. Видно: []"}],"readyDevices":[],"skippedPorts":{"COM1":"COM1 не найден в EnumDevices. Видно: []"},"channelOrder":"","configuredChannelOrder":"COM1:1, COM1:2","usage":{"post":"POST /api/com/light","bodyOn":{"state":"on","brightness":"100"},"bodyOff":{"state":"off"},"note":"brightness применяется только к подключённым COM (readyDevices)"}}
2026-07-13 10:28:23.339 [Information] LightServer.Services.ComLightIsolatedBank: IsolatedBank: EnumDevices count=0, map=[]
2026-07-13 10:28:23.339 [Warning] LightServer.Services.ComLightIsolatedBank: IsolatedBank: пропуск COM1: COM1 не найден в EnumDevices. Видно: []
2026-07-13 10:28:23.340 [Error] LightServer.Services.ComLightIsolatedBank: IsolatedBank: COM1 не найден в EnumDevices. Видно: []
2026-07-13 10:28:23.340 [Error] LightServer.Services.ComLightBankService: ComLightBank: инициализация не удалась: COM1 не найден в EnumDevices. Видно: []
2026-07-13 10:28:23.340 [Information] LightServer.Logging.HttpExchangeLoggingMiddleware: HTTP GET /api/com/light => 200
  >> Request: (empty)
  << Response: {"initialized":false,"partial":false,"configPath":"D:\\visionGay\\defect-detector-v3\\config\\blocks\\51-light-hardware.yaml","loadedFromYaml":true,"devices":[{"id":"com1","comPort":"COM1","channels":[1,2],"ready":false,"skipped":"COM1 не найден в EnumDevices. Видно: []"}],"readyDevices":[],"skippedPorts":{"COM1":"COM1 не найден в EnumDevices. Видно: []"},"channelOrder":"","configuredChannelOrder":"COM1:1, COM1:2","usage":{"post":"POST /api/com/light","bodyOn":{"state":"on","brightness":"100"},"bodyOff":{"state":"off"},"note":"brightness применяется только к подключённым COM (readyDevices)"}}
2026-07-13 10:28:23.767 [Information] LightServer.Services.ComLightIsolatedBank: IsolatedBank: EnumDevices count=0, map=[]
2026-07-13 10:28:23.767 [Warning] LightServer.Services.ComLightIsolatedBank: IsolatedBank: пропуск COM1: COM1 не найден в EnumDevices. Видно: []
2026-07-13 10:28:23.768 [Error] LightServer.Services.ComLightIsolatedBank: IsolatedBank: COM1 не найден в EnumDevices. Видно: []
2026-07-13 10:28:23.768 [Error] LightServer.Services.ComLightBankService: ComLightBank: инициализация не удалась: COM1 не найден в EnumDevices. Видно: []
2026-07-13 10:28:23.768 [Information] LightServer.Logging.HttpExchangeLoggingMiddleware: HTTP GET /api/com/light => 200
  >> Request: (empty)
  << Response: {"initialized":false,"partial":false,"configPath":"D:\\visionGay\\defect-detector-v3\\config\\blocks\\51-light-hardware.yaml","loadedFromYaml":true,"devices":[{"id":"com1","comPort":"COM1","channels":[1,2],"ready":false,"skipped":"COM1 не найден в EnumDevices. Видно: []"}],"readyDevices":[],"skippedPorts":{"COM1":"COM1 не найден в EnumDevices. Видно: []"},"channelOrder":"","configuredChannelOrder":"COM1:1, COM1:2","usage":{"post":"POST /api/com/light","bodyOn":{"state":"on","brightness":"100"},"bodyOff":{"state":"off"},"note":"brightness применяется только к подключённым COM (readyDevices)"}}
2026-07-13 10:28:24.194 [Information] LightServer.Services.ComLightIsolatedBank: IsolatedBank: EnumDevices count=0, map=[]
2026-07-13 10:28:24.194 [Warning] LightServer.Services.ComLightIsolatedBank: IsolatedBank: пропуск COM1: COM1 не найден в EnumDevices. Видно: []
2026-07-13 10:28:24.194 [Error] LightServer.Services.ComLightIsolatedBank: IsolatedBank: COM1 не найден в EnumDevices. Видно: []
2026-07-13 10:28:24.194 [Error] LightServer.Services.ComLightBankService: ComLightBank: инициализация не удалась: COM1 не найден в EnumDevices. Видно: []
2026-07-13 10:28:24.194 [Information] LightServer.Logging.HttpExchangeLoggingMiddleware: HTTP GET /api/com/light => 200
  >> Request: (empty)
  << Response: {"initialized":false,"partial":false,"configPath":"D:\\visionGay\\defect-detector-v3\\config\\blocks\\51-light-hardware.yaml","loadedFromYaml":true,"devices":[{"id":"com1","comPort":"COM1","channels":[1,2],"ready":false,"skipped":"COM1 не найден в EnumDevices. Видно: []"}],"readyDevices":[],"skippedPorts":{"COM1":"COM1 не найден в EnumDevices. Видно: []"},"channelOrder":"","configuredChannelOrder":"COM1:1, COM1:2","usage":{"post":"POST /api/com/light","bodyOn":{"state":"on","brightness":"100"},"bodyOff":{"state":"off"},"note":"brightness применяется только к подключённым COM (readyDevices)"}}
2026-07-13 10:28:24.622 [Information] LightServer.Services.ComLightIsolatedBank: IsolatedBank: EnumDevices count=0, map=[]
2026-07-13 10:28:24.622 [Warning] LightServer.Services.ComLightIsolatedBank: IsolatedBank: пропуск COM1: COM1 не найден в EnumDevices. Видно: []
2026-07-13 10:28:24.622 [Error] LightServer.Services.ComLightIsolatedBank: IsolatedBank: COM1 не найден в EnumDevices. Видно: []
2026-07-13 10:28:24.622 [Error] LightServer.Services.ComLightBankService: ComLightBank: инициализация не удалась: COM1 не найден в EnumDevices. Видно: []
2026-07-13 10:28:24.622 [Information] LightServer.Logging.HttpExchangeLoggingMiddleware: HTTP GET /api/com/light => 200
  >> Request: (empty)
  << Response: {"initialized":false,"partial":false,"configPath":"D:\\visionGay\\defect-detector-v3\\config\\blocks\\51-light-hardware.yaml","loadedFromYaml":true,"devices":[{"id":"com1","comPort":"COM1","channels":[1,2],"ready":false,"skipped":"COM1 не найден в EnumDevices. Видно: []"}],"readyDevices":[],"skippedPorts":{"COM1":"COM1 не найден в EnumDevices. Видно: []"},"channelOrder":"","configuredChannelOrder":"COM1:1, COM1:2","usage":{"post":"POST /api/com/light","bodyOn":{"state":"on","brightness":"100"},"bodyOff":{"state":"off"},"note":"brightness применяется только к подключённым COM (readyDevices)"}}
2026-07-13 10:28:25.049 [Information] LightServer.Services.ComLightIsolatedBank: IsolatedBank: EnumDevices count=0, map=[]
2026-07-13 10:28:25.049 [Warning] LightServer.Services.ComLightIsolatedBank: IsolatedBank: пропуск COM1: COM1 не найден в EnumDevices. Видно: []
2026-07-13 10:28:25.049 [Error] LightServer.Services.ComLightIsolatedBank: IsolatedBank: COM1 не найден в EnumDevices. Видно: []
2026-07-13 10:28:25.049 [Error] LightServer.Services.ComLightBankService: ComLightBank: инициализация не удалась: COM1 не найден в EnumDevices. Видно: []
2026-07-13 10:28:25.049 [Information] LightServer.Logging.HttpExchangeLoggingMiddleware: HTTP GET /api/com/light => 200
  >> Request: (empty)
  << Response: {"initialized":false,"partial":false,"configPath":"D:\\visionGay\\defect-detector-v3\\config\\blocks\\51-light-hardware.yaml","loadedFromYaml":true,"devices":[{"id":"com1","comPort":"COM1","channels":[1,2],"ready":false,"skipped":"COM1 не найден в EnumDevices. Видно: []"}],"readyDevices":[],"skippedPorts":{"COM1":"COM1 не найден в EnumDevices. Видно: []"},"channelOrder":"","configuredChannelOrder":"COM1:1, COM1:2","usage":{"post":"POST /api/com/light","bodyOn":{"state":"on","brightness":"100"},"bodyOff":{"state":"off"},"note":"brightness применяется только к подключённым COM (readyDevices)"}}
2026-07-13 10:28:25.475 [Warning] LightServer.Services.LightControlService: SerialLight:DisableSdkLock=true — SDK/COM без lock (эксперимент, возможны гонки и сбои)
2026-07-13 10:28:26.243 [Information] LightServer.Logging.HttpExchangeLoggingMiddleware: HTTP POST /api/camera-flash/pair => 200
  >> Request: {"cameraNumber":1,"leftPower":204,"rightPower":204}
  << Response: {"success":true,"cameraNumber":1,"deviceId":"mv-le-1","route":"network","ipAddress":"192.168.1.14","deviceIndex":0,"channels":[1,2],"brightness":[204,204]}
2026-07-13 10:28:26.968 [Information] LightServer.Logging.HttpExchangeLoggingMiddleware: HTTP POST /api/camera-flash/pair => 200
  >> Request: {"cameraNumber":2,"leftPower":204,"rightPower":204}
  << Response: {"success":true,"cameraNumber":2,"deviceId":"mv-le-1","route":"network","ipAddress":"192.168.1.14","deviceIndex":2,"channels":[3,4],"brightness":[204,204]}
2026-07-13 10:28:27.713 [Information] LightServer.Logging.HttpExchangeLoggingMiddleware: HTTP POST /api/camera-flash/pair => 200
  >> Request: {"cameraNumber":3,"leftPower":204,"rightPower":204}
  << Response: {"success":true,"cameraNumber":3,"deviceId":"mv-le-2","route":"network","ipAddress":"192.168.1.11","deviceIndex":0,"channels":[1,2],"brightness":[204,204]}
2026-07-13 10:28:28.438 [Information] LightServer.Logging.HttpExchangeLoggingMiddleware: HTTP POST /api/camera-flash/pair => 200
  >> Request: {"cameraNumber":4,"leftPower":204,"rightPower":204}
  << Response: {"success":true,"cameraNumber":4,"deviceId":"mv-le-2","route":"network","ipAddress":"192.168.1.11","deviceIndex":2,"channels":[3,4],"brightness":[204,204]}
2026-07-13 10:28:29.170 [Information] LightServer.Logging.HttpExchangeLoggingMiddleware: HTTP POST /api/camera-flash/pair => 200
  >> Request: {"cameraNumber":5,"leftPower":204,"rightPower":204}
  << Response: {"success":true,"cameraNumber":5,"deviceId":"mv-le-3","route":"network","ipAddress":"192.168.1.8","deviceIndex":1,"channels":[1,2],"brightness":[204,204]}
2026-07-13 10:28:29.902 [Information] LightServer.Logging.HttpExchangeLoggingMiddleware: HTTP POST /api/camera-flash/pair => 200
  >> Request: {"cameraNumber":6,"leftPower":204,"rightPower":204}
  << Response: {"success":true,"cameraNumber":6,"deviceId":"mv-le-3","route":"network","ipAddress":"192.168.1.8","deviceIndex":2,"channels":[3,4],"brightness":[204,204]}
2026-07-13 10:28:30.614 [Information] LightServer.Logging.HttpExchangeLoggingMiddleware: HTTP POST /api/camera-flash/pair => 200
  >> Request: {"cameraNumber":7,"leftPower":204,"rightPower":204}
  << Response: {"success":true,"cameraNumber":7,"deviceId":"mv-le-4","route":"network","ipAddress":"169.254.220.1","deviceIndex":5,"channels":[1,2],"brightness":[204,204]}
2026-07-13 10:28:31.327 [Information] LightServer.Logging.HttpExchangeLoggingMiddleware: HTTP POST /api/camera-flash/pair => 200
  >> Request: {"cameraNumber":8,"leftPower":204,"rightPower":204}
  << Response: {"success":true,"cameraNumber":8,"deviceId":"mv-le-4","route":"network","ipAddress":"169.254.220.1","deviceIndex":5,"channels":[3,4],"brightness":[204,204]}
2026-07-13 10:28:31.360 [Information] LightServer.Logging.HttpExchangeLoggingMiddleware: HTTP POST /api/camera-flash/single => 400
  >> Request: {"cameraNumber":9,"power":204}
  << Response: {"success":false,"cameraNumber":9,"deviceId":"com1","route":"com","comPort":"COM1","channels":[1],"brightness":[204],"error":"На COM_Port#COM1 ничего не найдено после SetEnumSerialPorts. Закройте MVS Client и повторите."}
2026-07-13 10:28:31.368 [Information] LightServer.Logging.HttpExchangeLoggingMiddleware: HTTP POST /api/camera-flash/single => 400
  >> Request: {"cameraNumber":10,"power":204}
  << Response: {"success":false,"cameraNumber":10,"deviceId":"com1","route":"com","comPort":"COM1","channels":[2],"brightness":[204],"error":"На COM_Port#COM1 ничего не найдено после SetEnumSerialPorts. Закройте MVS Client и повторите."}
2026-07-13 10:30:08.981 [Information] LightServer.Services.ComLightIsolatedBank: IsolatedBank: EnumDevices count=0, map=[]
2026-07-13 10:30:08.981 [Warning] LightServer.Services.ComLightIsolatedBank: IsolatedBank: пропуск COM1: COM1 не найден в EnumDevices. Видно: []
2026-07-13 10:30:08.981 [Error] LightServer.Services.ComLightIsolatedBank: IsolatedBank: COM1 не найден в EnumDevices. Видно: []
2026-07-13 10:30:08.982 [Error] LightServer.Services.ComLightBankService: ComLightBank: инициализация не удалась: COM1 не найден в EnumDevices. Видно: []
2026-07-13 10:30:08.982 [Information] LightServer.Logging.HttpExchangeLoggingMiddleware: HTTP GET /api/com/light => 200
  >> Request: (empty)
  << Response: {"initialized":false,"partial":false,"configPath":"D:\\visionGay\\defect-detector-v3\\config\\blocks\\51-light-hardware.yaml","loadedFromYaml":true,"devices":[{"id":"com1","comPort":"COM1","channels":[1,2],"ready":false,"skipped":"COM1 не найден в EnumDevices. Видно: []"}],"readyDevices":[],"skippedPorts":{"COM1":"COM1 не найден в EnumDevices. Видно: []"},"channelOrder":"","configuredChannelOrder":"COM1:1, COM1:2","usage":{"post":"POST /api/com/light","bodyOn":{"state":"on","brightness":"100"},"bodyOff":{"state":"off"},"note":"brightness применяется только к подключённым COM (readyDevices)"}}
2026-07-13 10:30:09.090 [Information] LightServer.Services.ComLightIsolatedBank: IsolatedBank: EnumDevices count=0, map=[]
2026-07-13 10:30:09.090 [Warning] LightServer.Services.ComLightIsolatedBank: IsolatedBank: пропуск COM1: COM1 не найден в EnumDevices. Видно: []
2026-07-13 10:30:09.090 [Error] LightServer.Services.ComLightIsolatedBank: IsolatedBank: COM1 не найден в EnumDevices. Видно: []
2026-07-13 10:30:09.090 [Error] LightServer.Services.ComLightBankService: ComLightBank: инициализация не удалась: COM1 не найден в EnumDevices. Видно: []
2026-07-13 10:30:09.090 [Information] LightServer.Logging.HttpExchangeLoggingMiddleware: HTTP GET /api/com/light => 200
  >> Request: (empty)
  << Response: {"initialized":false,"partial":false,"configPath":"D:\\visionGay\\defect-detector-v3\\config\\blocks\\51-light-hardware.yaml","loadedFromYaml":true,"devices":[{"id":"com1","comPort":"COM1","channels":[1,2],"ready":false,"skipped":"COM1 не найден в EnumDevices. Видно: []"}],"readyDevices":[],"skippedPorts":{"COM1":"COM1 не найден в EnumDevices. Видно: []"},"channelOrder":"","configuredChannelOrder":"COM1:1, COM1:2","usage":{"post":"POST /api/com/light","bodyOn":{"state":"on","brightness":"100"},"bodyOff":{"state":"off"},"note":"brightness применяется только к подключённым COM (readyDevices)"}}
2026-07-13 10:30:09.526 [Information] LightServer.Services.ComLightIsolatedBank: IsolatedBank: EnumDevices count=0, map=[]
2026-07-13 10:30:09.527 [Warning] LightServer.Services.ComLightIsolatedBank: IsolatedBank: пропуск COM1: COM1 не найден в EnumDevices. Видно: []
2026-07-13 10:30:09.527 [Error] LightServer.Services.ComLightIsolatedBank: IsolatedBank: COM1 не найден в EnumDevices. Видно: []
2026-07-13 10:30:09.527 [Error] LightServer.Services.ComLightBankService: ComLightBank: инициализация не удалась: COM1 не найден в EnumDevices. Видно: []
2026-07-13 10:30:09.527 [Information] LightServer.Logging.HttpExchangeLoggingMiddleware: HTTP GET /api/com/light => 200
  >> Request: (empty)
  << Response: {"initialized":false,"partial":false,"configPath":"D:\\visionGay\\defect-detector-v3\\config\\blocks\\51-light-hardware.yaml","loadedFromYaml":true,"devices":[{"id":"com1","comPort":"COM1","channels":[1,2],"ready":false,"skipped":"COM1 не найден в EnumDevices. Видно: []"}],"readyDevices":[],"skippedPorts":{"COM1":"COM1 не найден в EnumDevices. Видно: []"},"channelOrder":"","configuredChannelOrder":"COM1:1, COM1:2","usage":{"post":"POST /api/com/light","bodyOn":{"state":"on","brightness":"100"},"bodyOff":{"state":"off"},"note":"brightness применяется только к подключённым COM (readyDevices)"}}
2026-07-13 10:30:09.948 [Information] LightServer.Services.ComLightIsolatedBank: IsolatedBank: EnumDevices count=0, map=[]
2026-07-13 10:30:09.948 [Warning] LightServer.Services.ComLightIsolatedBank: IsolatedBank: пропуск COM1: COM1 не найден в EnumDevices. Видно: []
2026-07-13 10:30:09.949 [Error] LightServer.Services.ComLightIsolatedBank: IsolatedBank: COM1 не найден в EnumDevices. Видно: []
2026-07-13 10:30:09.949 [Error] LightServer.Services.ComLightBankService: ComLightBank: инициализация не удалась: COM1 не найден в EnumDevices. Видно: []
2026-07-13 10:30:09.949 [Information] LightServer.Logging.HttpExchangeLoggingMiddleware: HTTP GET /api/com/light => 200
  >> Request: (empty)
  << Response: {"initialized":false,"partial":false,"configPath":"D:\\visionGay\\defect-detector-v3\\config\\blocks\\51-light-hardware.yaml","loadedFromYaml":true,"devices":[{"id":"com1","comPort":"COM1","channels":[1,2],"ready":false,"skipped":"COM1 не найден в EnumDevices. Видно: []"}],"readyDevices":[],"skippedPorts":{"COM1":"COM1 не найден в EnumDevices. Видно: []"},"channelOrder":"","configuredChannelOrder":"COM1:1, COM1:2","usage":{"post":"POST /api/com/light","bodyOn":{"state":"on","brightness":"100"},"bodyOff":{"state":"off"},"note":"brightness применяется только к подключённым COM (readyDevices)"}}
2026-07-13 10:30:10.371 [Information] LightServer.Services.ComLightIsolatedBank: IsolatedBank: EnumDevices count=0, map=[]
2026-07-13 10:30:10.371 [Warning] LightServer.Services.ComLightIsolatedBank: IsolatedBank: пропуск COM1: COM1 не найден в EnumDevices. Видно: []
2026-07-13 10:30:10.371 [Error] LightServer.Services.ComLightIsolatedBank: IsolatedBank: COM1 не найден в EnumDevices. Видно: []
2026-07-13 10:30:10.372 [Error] LightServer.Services.ComLightBankService: ComLightBank: инициализация не удалась: COM1 не найден в EnumDevices. Видно: []
2026-07-13 10:30:10.372 [Information] LightServer.Logging.HttpExchangeLoggingMiddleware: HTTP GET /api/com/light => 200
  >> Request: (empty)
  << Response: {"initialized":false,"partial":false,"configPath":"D:\\visionGay\\defect-detector-v3\\config\\blocks\\51-light-hardware.yaml","loadedFromYaml":true,"devices":[{"id":"com1","comPort":"COM1","channels":[1,2],"ready":false,"skipped":"COM1 не найден в EnumDevices. Видно: []"}],"readyDevices":[],"skippedPorts":{"COM1":"COM1 не найден в EnumDevices. Видно: []"},"channelOrder":"","configuredChannelOrder":"COM1:1, COM1:2","usage":{"post":"POST /api/com/light","bodyOn":{"state":"on","brightness":"100"},"bodyOff":{"state":"off"},"note":"brightness применяется только к подключённым COM (readyDevices)"}}
2026-07-13 10:30:10.796 [Information] LightServer.Services.ComLightIsolatedBank: IsolatedBank: EnumDevices count=0, map=[]
2026-07-13 10:30:10.796 [Warning] LightServer.Services.ComLightIsolatedBank: IsolatedBank: пропуск COM1: COM1 не найден в EnumDevices. Видно: []
2026-07-13 10:30:10.796 [Error] LightServer.Services.ComLightIsolatedBank: IsolatedBank: COM1 не найден в EnumDevices. Видно: []
2026-07-13 10:30:10.796 [Error] LightServer.Services.ComLightBankService: ComLightBank: инициализация не удалась: COM1 не найден в EnumDevices. Видно: []
2026-07-13 10:30:10.797 [Information] LightServer.Logging.HttpExchangeLoggingMiddleware: HTTP GET /api/com/light => 200
  >> Request: (empty)
  << Response: {"initialized":false,"partial":false,"configPath":"D:\\visionGay\\defect-detector-v3\\config\\blocks\\51-light-hardware.yaml","loadedFromYaml":true,"devices":[{"id":"com1","comPort":"COM1","channels":[1,2],"ready":false,"skipped":"COM1 не найден в EnumDevices. Видно: []"}],"readyDevices":[],"skippedPorts":{"COM1":"COM1 не найден в EnumDevices. Видно: []"},"channelOrder":"","configuredChannelOrder":"COM1:1, COM1:2","usage":{"post":"POST /api/com/light","bodyOn":{"state":"on","brightness":"100"},"bodyOff":{"state":"off"},"note":"brightness применяется только к подключённым COM (readyDevices)"}}
2026-07-13 10:30:11.219 [Information] LightServer.Services.ComLightIsolatedBank: IsolatedBank: EnumDevices count=0, map=[]
2026-07-13 10:30:11.219 [Warning] LightServer.Services.ComLightIsolatedBank: IsolatedBank: пропуск COM1: COM1 не найден в EnumDevices. Видно: []
2026-07-13 10:30:11.219 [Error] LightServer.Services.ComLightIsolatedBank: IsolatedBank: COM1 не найден в EnumDevices. Видно: []
2026-07-13 10:30:11.219 [Error] LightServer.Services.ComLightBankService: ComLightBank: инициализация не удалась: COM1 не найден в EnumDevices. Видно: []
2026-07-13 10:30:11.220 [Information] LightServer.Logging.HttpExchangeLoggingMiddleware: HTTP GET /api/com/light => 200
  >> Request: (empty)
  << Response: {"initialized":false,"partial":false,"configPath":"D:\\visionGay\\defect-detector-v3\\config\\blocks\\51-light-hardware.yaml","loadedFromYaml":true,"devices":[{"id":"com1","comPort":"COM1","channels":[1,2],"ready":false,"skipped":"COM1 не найден в EnumDevices. Видно: []"}],"readyDevices":[],"skippedPorts":{"COM1":"COM1 не найден в EnumDevices. Видно: []"},"channelOrder":"","configuredChannelOrder":"COM1:1, COM1:2","usage":{"post":"POST /api/com/light","bodyOn":{"state":"on","brightness":"100"},"bodyOff":{"state":"off"},"note":"brightness применяется только к подключённым COM (readyDevices)"}}
2026-07-13 10:30:11.643 [Information] LightServer.Services.ComLightIsolatedBank: IsolatedBank: EnumDevices count=0, map=[]
2026-07-13 10:30:11.643 [Warning] LightServer.Services.ComLightIsolatedBank: IsolatedBank: пропуск COM1: COM1 не найден в EnumDevices. Видно: []
2026-07-13 10:30:11.643 [Error] LightServer.Services.ComLightIsolatedBank: IsolatedBank: COM1 не найден в EnumDevices. Видно: []
2026-07-13 10:30:11.643 [Error] LightServer.Services.ComLightBankService: ComLightBank: инициализация не удалась: COM1 не найден в EnumDevices. Видно: []
2026-07-13 10:30:11.643 [Information] LightServer.Logging.HttpExchangeLoggingMiddleware: HTTP GET /api/com/light => 200
  >> Request: (empty)
  << Response: {"initialized":false,"partial":false,"configPath":"D:\\visionGay\\defect-detector-v3\\config\\blocks\\51-light-hardware.yaml","loadedFromYaml":true,"devices":[{"id":"com1","comPort":"COM1","channels":[1,2],"ready":false,"skipped":"COM1 не найден в EnumDevices. Видно: []"}],"readyDevices":[],"skippedPorts":{"COM1":"COM1 не найден в EnumDevices. Видно: []"},"channelOrder":"","configuredChannelOrder":"COM1:1, COM1:2","usage":{"post":"POST /api/com/light","bodyOn":{"state":"on","brightness":"100"},"bodyOff":{"state":"off"},"note":"brightness применяется только к подключённым COM (readyDevices)"}}
2026-07-13 10:30:12.068 [Information] LightServer.Services.ComLightIsolatedBank: IsolatedBank: EnumDevices count=0, map=[]
2026-07-13 10:30:12.068 [Warning] LightServer.Services.ComLightIsolatedBank: IsolatedBank: пропуск COM1: COM1 не найден в EnumDevices. Видно: []
2026-07-13 10:30:12.068 [Error] LightServer.Services.ComLightIsolatedBank: IsolatedBank: COM1 не найден в EnumDevices. Видно: []
2026-07-13 10:30:12.068 [Error] LightServer.Services.ComLightBankService: ComLightBank: инициализация не удалась: COM1 не найден в EnumDevices. Видно: []
2026-07-13 10:30:12.068 [Information] LightServer.Logging.HttpExchangeLoggingMiddleware: HTTP GET /api/com/light => 200
  >> Request: (empty)
  << Response: {"initialized":false,"partial":false,"configPath":"D:\\visionGay\\defect-detector-v3\\config\\blocks\\51-light-hardware.yaml","loadedFromYaml":true,"devices":[{"id":"com1","comPort":"COM1","channels":[1,2],"ready":false,"skipped":"COM1 не найден в EnumDevices. Видно: []"}],"readyDevices":[],"skippedPorts":{"COM1":"COM1 не найден в EnumDevices. Видно: []"},"channelOrder":"","configuredChannelOrder":"COM1:1, COM1:2","usage":{"post":"POST /api/com/light","bodyOn":{"state":"on","brightness":"100"},"bodyOff":{"state":"off"},"note":"brightness применяется только к подключённым COM (readyDevices)"}}
2026-07-13 10:30:12.491 [Information] LightServer.Services.ComLightIsolatedBank: IsolatedBank: EnumDevices count=0, map=[]
2026-07-13 10:30:12.492 [Warning] LightServer.Services.ComLightIsolatedBank: IsolatedBank: пропуск COM1: COM1 не найден в EnumDevices. Видно: []
2026-07-13 10:30:12.492 [Error] LightServer.Services.ComLightIsolatedBank: IsolatedBank: COM1 не найден в EnumDevices. Видно: []
2026-07-13 10:30:12.492 [Error] LightServer.Services.ComLightBankService: ComLightBank: инициализация не удалась: COM1 не найден в EnumDevices. Видно: []
2026-07-13 10:30:12.492 [Information] LightServer.Logging.HttpExchangeLoggingMiddleware: HTTP GET /api/com/light => 200
  >> Request: (empty)
  << Response: {"initialized":false,"partial":false,"configPath":"D:\\visionGay\\defect-detector-v3\\config\\blocks\\51-light-hardware.yaml","loadedFromYaml":true,"devices":[{"id":"com1","comPort":"COM1","channels":[1,2],"ready":false,"skipped":"COM1 не найден в EnumDevices. Видно: []"}],"readyDevices":[],"skippedPorts":{"COM1":"COM1 не найден в EnumDevices. Видно: []"},"channelOrder":"","configuredChannelOrder":"COM1:1, COM1:2","usage":{"post":"POST /api/com/light","bodyOn":{"state":"on","brightness":"100"},"bodyOff":{"state":"off"},"note":"brightness применяется только к подключённым COM (readyDevices)"}}
2026-07-13 10:30:12.916 [Information] LightServer.Services.ComLightIsolatedBank: IsolatedBank: EnumDevices count=0, map=[]
2026-07-13 10:30:12.917 [Warning] LightServer.Services.ComLightIsolatedBank: IsolatedBank: пропуск COM1: COM1 не найден в EnumDevices. Видно: []
2026-07-13 10:30:12.917 [Error] LightServer.Services.ComLightIsolatedBank: IsolatedBank: COM1 не найден в EnumDevices. Видно: []
2026-07-13 10:30:12.917 [Error] LightServer.Services.ComLightBankService: ComLightBank: инициализация не удалась: COM1 не найден в EnumDevices. Видно: []
2026-07-13 10:30:12.917 [Information] LightServer.Logging.HttpExchangeLoggingMiddleware: HTTP GET /api/com/light => 200
  >> Request: (empty)
  << Response: {"initialized":false,"partial":false,"configPath":"D:\\visionGay\\defect-detector-v3\\config\\blocks\\51-light-hardware.yaml","loadedFromYaml":true,"devices":[{"id":"com1","comPort":"COM1","channels":[1,2],"ready":false,"skipped":"COM1 не найден в EnumDevices. Видно: []"}],"readyDevices":[],"skippedPorts":{"COM1":"COM1 не найден в EnumDevices. Видно: []"},"channelOrder":"","configuredChannelOrder":"COM1:1, COM1:2","usage":{"post":"POST /api/com/light","bodyOn":{"state":"on","brightness":"100"},"bodyOff":{"state":"off"},"note":"brightness применяется только к подключённым COM (readyDevices)"}}
2026-07-13 10:30:13.340 [Information] LightServer.Services.ComLightIsolatedBank: IsolatedBank: EnumDevices count=0, map=[]
2026-07-13 10:30:13.340 [Warning] LightServer.Services.ComLightIsolatedBank: IsolatedBank: пропуск COM1: COM1 не найден в EnumDevices. Видно: []
2026-07-13 10:30:13.340 [Error] LightServer.Services.ComLightIsolatedBank: IsolatedBank: COM1 не найден в EnumDevices. Видно: []
2026-07-13 10:30:13.341 [Error] LightServer.Services.ComLightBankService: ComLightBank: инициализация не удалась: COM1 не найден в EnumDevices. Видно: []
2026-07-13 10:30:13.341 [Information] LightServer.Logging.HttpExchangeLoggingMiddleware: HTTP GET /api/com/light => 200
  >> Request: (empty)
  << Response: {"initialized":false,"partial":false,"configPath":"D:\\visionGay\\defect-detector-v3\\config\\blocks\\51-light-hardware.yaml","loadedFromYaml":true,"devices":[{"id":"com1","comPort":"COM1","channels":[1,2],"ready":false,"skipped":"COM1 не найден в EnumDevices. Видно: []"}],"readyDevices":[],"skippedPorts":{"COM1":"COM1 не найден в EnumDevices. Видно: []"},"channelOrder":"","configuredChannelOrder":"COM1:1, COM1:2","usage":{"post":"POST /api/com/light","bodyOn":{"state":"on","brightness":"100"},"bodyOff":{"state":"off"},"note":"brightness применяется только к подключённым COM (readyDevices)"}}
2026-07-13 10:30:13.762 [Information] LightServer.Services.ComLightIsolatedBank: IsolatedBank: EnumDevices count=0, map=[]
2026-07-13 10:30:13.762 [Warning] LightServer.Services.ComLightIsolatedBank: IsolatedBank: пропуск COM1: COM1 не найден в EnumDevices. Видно: []
2026-07-13 10:30:13.762 [Error] LightServer.Services.ComLightIsolatedBank: IsolatedBank: COM1 не найден в EnumDevices. Видно: []
2026-07-13 10:30:13.762 [Error] LightServer.Services.ComLightBankService: ComLightBank: инициализация не удалась: COM1 не найден в EnumDevices. Видно: []
2026-07-13 10:30:13.762 [Information] LightServer.Logging.HttpExchangeLoggingMiddleware: HTTP GET /api/com/light => 200
  >> Request: (empty)
  << Response: {"initialized":false,"partial":false,"configPath":"D:\\visionGay\\defect-detector-v3\\config\\blocks\\51-light-hardware.yaml","loadedFromYaml":true,"devices":[{"id":"com1","comPort":"COM1","channels":[1,2],"ready":false,"skipped":"COM1 не найден в EnumDevices. Видно: []"}],"readyDevices":[],"skippedPorts":{"COM1":"COM1 не найден в EnumDevices. Видно: []"},"channelOrder":"","configuredChannelOrder":"COM1:1, COM1:2","usage":{"post":"POST /api/com/light","bodyOn":{"state":"on","brightness":"100"},"bodyOff":{"state":"off"},"note":"brightness применяется только к подключённым COM (readyDevices)"}}
2026-07-13 10:30:14.188 [Information] LightServer.Services.ComLightIsolatedBank: IsolatedBank: EnumDevices count=0, map=[]
2026-07-13 10:30:14.188 [Warning] LightServer.Services.ComLightIsolatedBank: IsolatedBank: пропуск COM1: COM1 не найден в EnumDevices. Видно: []
2026-07-13 10:30:14.188 [Error] LightServer.Services.ComLightIsolatedBank: IsolatedBank: COM1 не найден в EnumDevices. Видно: []
2026-07-13 10:30:14.188 [Error] LightServer.Services.ComLightBankService: ComLightBank: инициализация не удалась: COM1 не найден в EnumDevices. Видно: []
2026-07-13 10:30:14.188 [Information] LightServer.Logging.HttpExchangeLoggingMiddleware: HTTP GET /api/com/light => 200
  >> Request: (empty)
  << Response: {"initialized":false,"partial":false,"configPath":"D:\\visionGay\\defect-detector-v3\\config\\blocks\\51-light-hardware.yaml","loadedFromYaml":true,"devices":[{"id":"com1","comPort":"COM1","channels":[1,2],"ready":false,"skipped":"COM1 не найден в EnumDevices. Видно: []"}],"readyDevices":[],"skippedPorts":{"COM1":"COM1 не найден в EnumDevices. Видно: []"},"channelOrder":"","configuredChannelOrder":"COM1:1, COM1:2","usage":{"post":"POST /api/com/light","bodyOn":{"state":"on","brightness":"100"},"bodyOff":{"state":"off"},"note":"brightness применяется только к подключённым COM (readyDevices)"}}
2026-07-13 10:30:14.611 [Information] LightServer.Services.ComLightIsolatedBank: IsolatedBank: EnumDevices count=0, map=[]
2026-07-13 10:30:14.611 [Warning] LightServer.Services.ComLightIsolatedBank: IsolatedBank: пропуск COM1: COM1 не найден в EnumDevices. Видно: []
2026-07-13 10:30:14.611 [Error] LightServer.Services.ComLightIsolatedBank: IsolatedBank: COM1 не найден в EnumDevices. Видно: []
2026-07-13 10:30:14.611 [Error] LightServer.Services.ComLightBankService: ComLightBank: инициализация не удалась: COM1 не найден в EnumDevices. Видно: []
2026-07-13 10:30:14.611 [Information] LightServer.Logging.HttpExchangeLoggingMiddleware: HTTP GET /api/com/light => 200
  >> Request: (empty)
  << Response: {"initialized":false,"partial":false,"configPath":"D:\\visionGay\\defect-detector-v3\\config\\blocks\\51-light-hardware.yaml","loadedFromYaml":true,"devices":[{"id":"com1","comPort":"COM1","channels":[1,2],"ready":false,"skipped":"COM1 не найден в EnumDevices. Видно: []"}],"readyDevices":[],"skippedPorts":{"COM1":"COM1 не найден в EnumDevices. Видно: []"},"channelOrder":"","configuredChannelOrder":"COM1:1, COM1:2","usage":{"post":"POST /api/com/light","bodyOn":{"state":"on","brightness":"100"},"bodyOff":{"state":"off"},"note":"brightness применяется только к подключённым COM (readyDevices)"}}
2026-07-13 10:30:15.036 [Information] LightServer.Services.ComLightIsolatedBank: IsolatedBank: EnumDevices count=0, map=[]
2026-07-13 10:30:15.036 [Warning] LightServer.Services.ComLightIsolatedBank: IsolatedBank: пропуск COM1: COM1 не найден в EnumDevices. Видно: []
2026-07-13 10:30:15.036 [Error] LightServer.Services.ComLightIsolatedBank: IsolatedBank: COM1 не найден в EnumDevices. Видно: []
2026-07-13 10:30:15.036 [Error] LightServer.Services.ComLightBankService: ComLightBank: инициализация не удалась: COM1 не найден в EnumDevices. Видно: []
2026-07-13 10:30:15.039 [Information] LightServer.Logging.HttpExchangeLoggingMiddleware: HTTP GET /api/com/light => 200
  >> Request: (empty)
  << Response: {"initialized":false,"partial":false,"configPath":"D:\\visionGay\\defect-detector-v3\\config\\blocks\\51-light-hardware.yaml","loadedFromYaml":true,"devices":[{"id":"com1","comPort":"COM1","channels":[1,2],"ready":false,"skipped":"COM1 не найден в EnumDevices. Видно: []"}],"readyDevices":[],"skippedPorts":{"COM1":"COM1 не найден в EnumDevices. Видно: []"},"channelOrder":"","configuredChannelOrder":"COM1:1, COM1:2","usage":{"post":"POST /api/com/light","bodyOn":{"state":"on","brightness":"100"},"bodyOff":{"state":"off"},"note":"brightness применяется только к подключённым COM (readyDevices)"}}
2026-07-13 10:30:15.461 [Information] LightServer.Services.ComLightIsolatedBank: IsolatedBank: EnumDevices count=0, map=[]
2026-07-13 10:30:15.461 [Warning] LightServer.Services.ComLightIsolatedBank: IsolatedBank: пропуск COM1: COM1 не найден в EnumDevices. Видно: []
2026-07-13 10:30:15.461 [Error] LightServer.Services.ComLightIsolatedBank: IsolatedBank: COM1 не найден в EnumDevices. Видно: []
2026-07-13 10:30:15.461 [Error] LightServer.Services.ComLightBankService: ComLightBank: инициализация не удалась: COM1 не найден в EnumDevices. Видно: []
2026-07-13 10:30:15.461 [Information] LightServer.Logging.HttpExchangeLoggingMiddleware: HTTP GET /api/com/light => 200
  >> Request: (empty)
  << Response: {"initialized":false,"partial":false,"configPath":"D:\\visionGay\\defect-detector-v3\\config\\blocks\\51-light-hardware.yaml","loadedFromYaml":true,"devices":[{"id":"com1","comPort":"COM1","channels":[1,2],"ready":false,"skipped":"COM1 не найден в EnumDevices. Видно: []"}],"readyDevices":[],"skippedPorts":{"COM1":"COM1 не найден в EnumDevices. Видно: []"},"channelOrder":"","configuredChannelOrder":"COM1:1, COM1:2","usage":{"post":"POST /api/com/light","bodyOn":{"state":"on","brightness":"100"},"bodyOff":{"state":"off"},"note":"brightness применяется только к подключённым COM (readyDevices)"}}
2026-07-13 10:30:15.886 [Information] LightServer.Services.ComLightIsolatedBank: IsolatedBank: EnumDevices count=0, map=[]
2026-07-13 10:30:15.887 [Warning] LightServer.Services.ComLightIsolatedBank: IsolatedBank: пропуск COM1: COM1 не найден в EnumDevices. Видно: []
2026-07-13 10:30:15.887 [Error] LightServer.Services.ComLightIsolatedBank: IsolatedBank: COM1 не найден в EnumDevices. Видно: []
2026-07-13 10:30:15.887 [Error] LightServer.Services.ComLightBankService: ComLightBank: инициализация не удалась: COM1 не найден в EnumDevices. Видно: []
2026-07-13 10:30:15.887 [Information] LightServer.Logging.HttpExchangeLoggingMiddleware: HTTP GET /api/com/light => 200
  >> Request: (empty)
  << Response: {"initialized":false,"partial":false,"configPath":"D:\\visionGay\\defect-detector-v3\\config\\blocks\\51-light-hardware.yaml","loadedFromYaml":true,"devices":[{"id":"com1","comPort":"COM1","channels":[1,2],"ready":false,"skipped":"COM1 не найден в EnumDevices. Видно: []"}],"readyDevices":[],"skippedPorts":{"COM1":"COM1 не найден в EnumDevices. Видно: []"},"channelOrder":"","configuredChannelOrder":"COM1:1, COM1:2","usage":{"post":"POST /api/com/light","bodyOn":{"state":"on","brightness":"100"},"bodyOff":{"state":"off"},"note":"brightness применяется только к подключённым COM (readyDevices)"}}
2026-07-13 10:30:16.312 [Information] LightServer.Services.ComLightIsolatedBank: IsolatedBank: EnumDevices count=0, map=[]
2026-07-13 10:30:16.312 [Warning] LightServer.Services.ComLightIsolatedBank: IsolatedBank: пропуск COM1: COM1 не найден в EnumDevices. Видно: []
2026-07-13 10:30:16.312 [Error] LightServer.Services.ComLightIsolatedBank: IsolatedBank: COM1 не найден в EnumDevices. Видно: []
2026-07-13 10:30:16.313 [Error] LightServer.Services.ComLightBankService: ComLightBank: инициализация не удалась: COM1 не найден в EnumDevices. Видно: []
2026-07-13 10:30:16.313 [Information] LightServer.Logging.HttpExchangeLoggingMiddleware: HTTP GET /api/com/light => 200
  >> Request: (empty)
  << Response: {"initialized":false,"partial":false,"configPath":"D:\\visionGay\\defect-detector-v3\\config\\blocks\\51-light-hardware.yaml","loadedFromYaml":true,"devices":[{"id":"com1","comPort":"COM1","channels":[1,2],"ready":false,"skipped":"COM1 не найден в EnumDevices. Видно: []"}],"readyDevices":[],"skippedPorts":{"COM1":"COM1 не найден в EnumDevices. Видно: []"},"channelOrder":"","configuredChannelOrder":"COM1:1, COM1:2","usage":{"post":"POST /api/com/light","bodyOn":{"state":"on","brightness":"100"},"bodyOff":{"state":"off"},"note":"brightness применяется только к подключённым COM (readyDevices)"}}
2026-07-13 10:30:16.738 [Information] LightServer.Services.ComLightIsolatedBank: IsolatedBank: EnumDevices count=0, map=[]
2026-07-13 10:30:16.738 [Warning] LightServer.Services.ComLightIsolatedBank: IsolatedBank: пропуск COM1: COM1 не найден в EnumDevices. Видно: []
2026-07-13 10:30:16.738 [Error] LightServer.Services.ComLightIsolatedBank: IsolatedBank: COM1 не найден в EnumDevices. Видно: []
2026-07-13 10:30:16.738 [Error] LightServer.Services.ComLightBankService: ComLightBank: инициализация не удалась: COM1 не найден в EnumDevices. Видно: []
2026-07-13 10:30:16.739 [Information] LightServer.Logging.HttpExchangeLoggingMiddleware: HTTP GET /api/com/light => 200
  >> Request: (empty)
  << Response: {"initialized":false,"partial":false,"configPath":"D:\\visionGay\\defect-detector-v3\\config\\blocks\\51-light-hardware.yaml","loadedFromYaml":true,"devices":[{"id":"com1","comPort":"COM1","channels":[1,2],"ready":false,"skipped":"COM1 не найден в EnumDevices. Видно: []"}],"readyDevices":[],"skippedPorts":{"COM1":"COM1 не найден в EnumDevices. Видно: []"},"channelOrder":"","configuredChannelOrder":"COM1:1, COM1:2","usage":{"post":"POST /api/com/light","bodyOn":{"state":"on","brightness":"100"},"bodyOff":{"state":"off"},"note":"brightness применяется только к подключённым COM (readyDevices)"}}
2026-07-13 10:30:17.163 [Information] LightServer.Services.ComLightIsolatedBank: IsolatedBank: EnumDevices count=0, map=[]
2026-07-13 10:30:17.163 [Warning] LightServer.Services.ComLightIsolatedBank: IsolatedBank: пропуск COM1: COM1 не найден в EnumDevices. Видно: []
2026-07-13 10:30:17.163 [Error] LightServer.Services.ComLightIsolatedBank: IsolatedBank: COM1 не найден в EnumDevices. Видно: []
2026-07-13 10:30:17.163 [Error] LightServer.Services.ComLightBankService: ComLightBank: инициализация не удалась: COM1 не найден в EnumDevices. Видно: []
2026-07-13 10:30:17.163 [Information] LightServer.Logging.HttpExchangeLoggingMiddleware: HTTP GET /api/com/light => 200
  >> Request: (empty)
  << Response: {"initialized":false,"partial":false,"configPath":"D:\\visionGay\\defect-detector-v3\\config\\blocks\\51-light-hardware.yaml","loadedFromYaml":true,"devices":[{"id":"com1","comPort":"COM1","channels":[1,2],"ready":false,"skipped":"COM1 не найден в EnumDevices. Видно: []"}],"readyDevices":[],"skippedPorts":{"COM1":"COM1 не найден в EnumDevices. Видно: []"},"channelOrder":"","configuredChannelOrder":"COM1:1, COM1:2","usage":{"post":"POST /api/com/light","bodyOn":{"state":"on","brightness":"100"},"bodyOff":{"state":"off"},"note":"brightness применяется только к подключённым COM (readyDevices)"}}
2026-07-13 10:30:17.589 [Information] LightServer.Services.ComLightIsolatedBank: IsolatedBank: EnumDevices count=0, map=[]
2026-07-13 10:30:17.589 [Warning] LightServer.Services.ComLightIsolatedBank: IsolatedBank: пропуск COM1: COM1 не найден в EnumDevices. Видно: []
2026-07-13 10:30:17.589 [Error] LightServer.Services.ComLightIsolatedBank: IsolatedBank: COM1 не найден в EnumDevices. Видно: []
2026-07-13 10:30:17.589 [Error] LightServer.Services.ComLightBankService: ComLightBank: инициализация не удалась: COM1 не найден в EnumDevices. Видно: []
2026-07-13 10:30:17.589 [Information] LightServer.Logging.HttpExchangeLoggingMiddleware: HTTP GET /api/com/light => 200
  >> Request: (empty)
  << Response: {"initialized":false,"partial":false,"configPath":"D:\\visionGay\\defect-detector-v3\\config\\blocks\\51-light-hardware.yaml","loadedFromYaml":true,"devices":[{"id":"com1","comPort":"COM1","channels":[1,2],"ready":false,"skipped":"COM1 не найден в EnumDevices. Видно: []"}],"readyDevices":[],"skippedPorts":{"COM1":"COM1 не найден в EnumDevices. Видно: []"},"channelOrder":"","configuredChannelOrder":"COM1:1, COM1:2","usage":{"post":"POST /api/com/light","bodyOn":{"state":"on","brightness":"100"},"bodyOff":{"state":"off"},"note":"brightness применяется только к подключённым COM (readyDevices)"}}
2026-07-13 10:30:18.013 [Information] LightServer.Services.ComLightIsolatedBank: IsolatedBank: EnumDevices count=0, map=[]
2026-07-13 10:30:18.013 [Warning] LightServer.Services.ComLightIsolatedBank: IsolatedBank: пропуск COM1: COM1 не найден в EnumDevices. Видно: []
2026-07-13 10:30:18.013 [Error] LightServer.Services.ComLightIsolatedBank: IsolatedBank: COM1 не найден в EnumDevices. Видно: []
2026-07-13 10:30:18.013 [Error] LightServer.Services.ComLightBankService: ComLightBank: инициализация не удалась: COM1 не найден в EnumDevices. Видно: []
2026-07-13 10:30:18.013 [Information] LightServer.Logging.HttpExchangeLoggingMiddleware: HTTP GET /api/com/light => 200
  >> Request: (empty)
  << Response: {"initialized":false,"partial":false,"configPath":"D:\\visionGay\\defect-detector-v3\\config\\blocks\\51-light-hardware.yaml","loadedFromYaml":true,"devices":[{"id":"com1","comPort":"COM1","channels":[1,2],"ready":false,"skipped":"COM1 не найден в EnumDevices. Видно: []"}],"readyDevices":[],"skippedPorts":{"COM1":"COM1 не найден в EnumDevices. Видно: []"},"channelOrder":"","configuredChannelOrder":"COM1:1, COM1:2","usage":{"post":"POST /api/com/light","bodyOn":{"state":"on","brightness":"100"},"bodyOff":{"state":"off"},"note":"brightness применяется только к подключённым COM (readyDevices)"}}
2026-07-13 10:30:18.439 [Information] LightServer.Services.ComLightIsolatedBank: IsolatedBank: EnumDevices count=0, map=[]
2026-07-13 10:30:18.439 [Warning] LightServer.Services.ComLightIsolatedBank: IsolatedBank: пропуск COM1: COM1 не найден в EnumDevices. Видно: []
2026-07-13 10:30:18.439 [Error] LightServer.Services.ComLightIsolatedBank: IsolatedBank: COM1 не найден в EnumDevices. Видно: []
2026-07-13 10:30:18.439 [Error] LightServer.Services.ComLightBankService: ComLightBank: инициализация не удалась: COM1 не найден в EnumDevices. Видно: []
2026-07-13 10:30:18.439 [Information] LightServer.Logging.HttpExchangeLoggingMiddleware: HTTP GET /api/com/light => 200
  >> Request: (empty)
  << Response: {"initialized":false,"partial":false,"configPath":"D:\\visionGay\\defect-detector-v3\\config\\blocks\\51-light-hardware.yaml","loadedFromYaml":true,"devices":[{"id":"com1","comPort":"COM1","channels":[1,2],"ready":false,"skipped":"COM1 не найден в EnumDevices. Видно: []"}],"readyDevices":[],"skippedPorts":{"COM1":"COM1 не найден в EnumDevices. Видно: []"},"channelOrder":"","configuredChannelOrder":"COM1:1, COM1:2","usage":{"post":"POST /api/com/light","bodyOn":{"state":"on","brightness":"100"},"bodyOff":{"state":"off"},"note":"brightness применяется только к подключённым COM (readyDevices)"}}
2026-07-13 10:30:18.862 [Information] LightServer.Services.ComLightIsolatedBank: IsolatedBank: EnumDevices count=0, map=[]
2026-07-13 10:30:18.863 [Warning] LightServer.Services.ComLightIsolatedBank: IsolatedBank: пропуск COM1: COM1 не найден в EnumDevices. Видно: []
2026-07-13 10:30:18.863 [Error] LightServer.Services.ComLightIsolatedBank: IsolatedBank: COM1 не найден в EnumDevices. Видно: []
2026-07-13 10:30:18.863 [Error] LightServer.Services.ComLightBankService: ComLightBank: инициализация не удалась: COM1 не найден в EnumDevices. Видно: []
2026-07-13 10:30:18.863 [Information] LightServer.Logging.HttpExchangeLoggingMiddleware: HTTP GET /api/com/light => 200
  >> Request: (empty)
  << Response: {"initialized":false,"partial":false,"configPath":"D:\\visionGay\\defect-detector-v3\\config\\blocks\\51-light-hardware.yaml","loadedFromYaml":true,"devices":[{"id":"com1","comPort":"COM1","channels":[1,2],"ready":false,"skipped":"COM1 не найден в EnumDevices. Видно: []"}],"readyDevices":[],"skippedPorts":{"COM1":"COM1 не найден в EnumDevices. Видно: []"},"channelOrder":"","configuredChannelOrder":"COM1:1, COM1:2","usage":{"post":"POST /api/com/light","bodyOn":{"state":"on","brightness":"100"},"bodyOff":{"state":"off"},"note":"brightness применяется только к подключённым COM (readyDevices)"}}
2026-07-13 10:30:19.286 [Information] LightServer.Services.ComLightIsolatedBank: IsolatedBank: EnumDevices count=0, map=[]
2026-07-13 10:30:19.286 [Warning] LightServer.Services.ComLightIsolatedBank: IsolatedBank: пропуск COM1: COM1 не найден в EnumDevices. Видно: []
2026-07-13 10:30:19.287 [Error] LightServer.Services.ComLightIsolatedBank: IsolatedBank: COM1 не найден в EnumDevices. Видно: []
2026-07-13 10:30:19.287 [Error] LightServer.Services.ComLightBankService: ComLightBank: инициализация не удалась: COM1 не найден в EnumDevices. Видно: []
2026-07-13 10:30:19.287 [Information] LightServer.Logging.HttpExchangeLoggingMiddleware: HTTP GET /api/com/light => 200
  >> Request: (empty)
  << Response: {"initialized":false,"partial":false,"configPath":"D:\\visionGay\\defect-detector-v3\\config\\blocks\\51-light-hardware.yaml","loadedFromYaml":true,"devices":[{"id":"com1","comPort":"COM1","channels":[1,2],"ready":false,"skipped":"COM1 не найден в EnumDevices. Видно: []"}],"readyDevices":[],"skippedPorts":{"COM1":"COM1 не найден в EnumDevices. Видно: []"},"channelOrder":"","configuredChannelOrder":"COM1:1, COM1:2","usage":{"post":"POST /api/com/light","bodyOn":{"state":"on","brightness":"100"},"bodyOff":{"state":"off"},"note":"brightness применяется только к подключённым COM (readyDevices)"}}
2026-07-13 10:30:19.710 [Information] LightServer.Services.ComLightIsolatedBank: IsolatedBank: EnumDevices count=0, map=[]
2026-07-13 10:30:19.710 [Warning] LightServer.Services.ComLightIsolatedBank: IsolatedBank: пропуск COM1: COM1 не найден в EnumDevices. Видно: []
2026-07-13 10:30:19.710 [Error] LightServer.Services.ComLightIsolatedBank: IsolatedBank: COM1 не найден в EnumDevices. Видно: []
2026-07-13 10:30:19.711 [Error] LightServer.Services.ComLightBankService: ComLightBank: инициализация не удалась: COM1 не найден в EnumDevices. Видно: []
2026-07-13 10:30:19.711 [Information] LightServer.Logging.HttpExchangeLoggingMiddleware: HTTP GET /api/com/light => 200
  >> Request: (empty)
  << Response: {"initialized":false,"partial":false,"configPath":"D:\\visionGay\\defect-detector-v3\\config\\blocks\\51-light-hardware.yaml","loadedFromYaml":true,"devices":[{"id":"com1","comPort":"COM1","channels":[1,2],"ready":false,"skipped":"COM1 не найден в EnumDevices. Видно: []"}],"readyDevices":[],"skippedPorts":{"COM1":"COM1 не найден в EnumDevices. Видно: []"},"channelOrder":"","configuredChannelOrder":"COM1:1, COM1:2","usage":{"post":"POST /api/com/light","bodyOn":{"state":"on","brightness":"100"},"bodyOff":{"state":"off"},"note":"brightness применяется только к подключённым COM (readyDevices)"}}
2026-07-13 10:30:20.131 [Information] LightServer.Services.ComLightIsolatedBank: IsolatedBank: EnumDevices count=0, map=[]
2026-07-13 10:30:20.131 [Warning] LightServer.Services.ComLightIsolatedBank: IsolatedBank: пропуск COM1: COM1 не найден в EnumDevices. Видно: []
2026-07-13 10:30:20.131 [Error] LightServer.Services.ComLightIsolatedBank: IsolatedBank: COM1 не найден в EnumDevices. Видно: []
2026-07-13 10:30:20.131 [Error] LightServer.Services.ComLightBankService: ComLightBank: инициализация не удалась: COM1 не найден в EnumDevices. Видно: []
2026-07-13 10:30:20.132 [Information] LightServer.Logging.HttpExchangeLoggingMiddleware: HTTP GET /api/com/light => 200
  >> Request: (empty)
  << Response: {"initialized":false,"partial":false,"configPath":"D:\\visionGay\\defect-detector-v3\\config\\blocks\\51-light-hardware.yaml","loadedFromYaml":true,"devices":[{"id":"com1","comPort":"COM1","channels":[1,2],"ready":false,"skipped":"COM1 не найден в EnumDevices. Видно: []"}],"readyDevices":[],"skippedPorts":{"COM1":"COM1 не найден в EnumDevices. Видно: []"},"channelOrder":"","configuredChannelOrder":"COM1:1, COM1:2","usage":{"post":"POST /api/com/light","bodyOn":{"state":"on","brightness":"100"},"bodyOff":{"state":"off"},"note":"brightness применяется только к подключённым COM (readyDevices)"}}
2026-07-13 10:30:20.556 [Information] LightServer.Services.ComLightIsolatedBank: IsolatedBank: EnumDevices count=0, map=[]
2026-07-13 10:30:20.556 [Warning] LightServer.Services.ComLightIsolatedBank: IsolatedBank: пропуск COM1: COM1 не найден в EnumDevices. Видно: []
2026-07-13 10:30:20.556 [Error] LightServer.Services.ComLightIsolatedBank: IsolatedBank: COM1 не найден в EnumDevices. Видно: []
2026-07-13 10:30:20.556 [Error] LightServer.Services.ComLightBankService: ComLightBank: инициализация не удалась: COM1 не найден в EnumDevices. Видно: []
2026-07-13 10:30:20.556 [Information] LightServer.Logging.HttpExchangeLoggingMiddleware: HTTP GET /api/com/light => 200
  >> Request: (empty)
  << Response: {"initialized":false,"partial":false,"configPath":"D:\\visionGay\\defect-detector-v3\\config\\blocks\\51-light-hardware.yaml","loadedFromYaml":true,"devices":[{"id":"com1","comPort":"COM1","channels":[1,2],"ready":false,"skipped":"COM1 не найден в EnumDevices. Видно: []"}],"readyDevices":[],"skippedPorts":{"COM1":"COM1 не найден в EnumDevices. Видно: []"},"channelOrder":"","configuredChannelOrder":"COM1:1, COM1:2","usage":{"post":"POST /api/com/light","bodyOn":{"state":"on","brightness":"100"},"bodyOff":{"state":"off"},"note":"brightness применяется только к подключённым COM (readyDevices)"}}
2026-07-13 10:30:20.982 [Information] LightServer.Services.ComLightIsolatedBank: IsolatedBank: EnumDevices count=0, map=[]
2026-07-13 10:30:20.982 [Warning] LightServer.Services.ComLightIsolatedBank: IsolatedBank: пропуск COM1: COM1 не найден в EnumDevices. Видно: []
2026-07-13 10:30:20.982 [Error] LightServer.Services.ComLightIsolatedBank: IsolatedBank: COM1 не найден в EnumDevices. Видно: []
2026-07-13 10:30:20.982 [Error] LightServer.Services.ComLightBankService: ComLightBank: инициализация не удалась: COM1 не найден в EnumDevices. Видно: []
2026-07-13 10:30:20.982 [Information] LightServer.Logging.HttpExchangeLoggingMiddleware: HTTP GET /api/com/light => 200
  >> Request: (empty)
  << Response: {"initialized":false,"partial":false,"configPath":"D:\\visionGay\\defect-detector-v3\\config\\blocks\\51-light-hardware.yaml","loadedFromYaml":true,"devices":[{"id":"com1","comPort":"COM1","channels":[1,2],"ready":false,"skipped":"COM1 не найден в EnumDevices. Видно: []"}],"readyDevices":[],"skippedPorts":{"COM1":"COM1 не найден в EnumDevices. Видно: []"},"channelOrder":"","configuredChannelOrder":"COM1:1, COM1:2","usage":{"post":"POST /api/com/light","bodyOn":{"state":"on","brightness":"100"},"bodyOff":{"state":"off"},"note":"brightness применяется только к подключённым COM (readyDevices)"}}
2026-07-13 10:30:21.404 [Information] LightServer.Services.ComLightIsolatedBank: IsolatedBank: EnumDevices count=0, map=[]
2026-07-13 10:30:21.404 [Warning] LightServer.Services.ComLightIsolatedBank: IsolatedBank: пропуск COM1: COM1 не найден в EnumDevices. Видно: []
2026-07-13 10:30:21.404 [Error] LightServer.Services.ComLightIsolatedBank: IsolatedBank: COM1 не найден в EnumDevices. Видно: []
2026-07-13 10:30:21.404 [Error] LightServer.Services.ComLightBankService: ComLightBank: инициализация не удалась: COM1 не найден в EnumDevices. Видно: []
2026-07-13 10:30:21.404 [Information] LightServer.Logging.HttpExchangeLoggingMiddleware: HTTP GET /api/com/light => 200
  >> Request: (empty)
  << Response: {"initialized":false,"partial":false,"configPath":"D:\\visionGay\\defect-detector-v3\\config\\blocks\\51-light-hardware.yaml","loadedFromYaml":true,"devices":[{"id":"com1","comPort":"COM1","channels":[1,2],"ready":false,"skipped":"COM1 не найден в EnumDevices. Видно: []"}],"readyDevices":[],"skippedPorts":{"COM1":"COM1 не найден в EnumDevices. Видно: []"},"channelOrder":"","configuredChannelOrder":"COM1:1, COM1:2","usage":{"post":"POST /api/com/light","bodyOn":{"state":"on","brightness":"100"},"bodyOff":{"state":"off"},"note":"brightness применяется только к подключённым COM (readyDevices)"}}
2026-07-13 10:30:21.828 [Information] LightServer.Services.ComLightIsolatedBank: IsolatedBank: EnumDevices count=0, map=[]
2026-07-13 10:30:21.829 [Warning] LightServer.Services.ComLightIsolatedBank: IsolatedBank: пропуск COM1: COM1 не найден в EnumDevices. Видно: []
2026-07-13 10:30:21.829 [Error] LightServer.Services.ComLightIsolatedBank: IsolatedBank: COM1 не найден в EnumDevices. Видно: []
2026-07-13 10:30:21.829 [Error] LightServer.Services.ComLightBankService: ComLightBank: инициализация не удалась: COM1 не найден в EnumDevices. Видно: []
2026-07-13 10:30:21.829 [Information] LightServer.Logging.HttpExchangeLoggingMiddleware: HTTP GET /api/com/light => 200
  >> Request: (empty)
  << Response: {"initialized":false,"partial":false,"configPath":"D:\\visionGay\\defect-detector-v3\\config\\blocks\\51-light-hardware.yaml","loadedFromYaml":true,"devices":[{"id":"com1","comPort":"COM1","channels":[1,2],"ready":false,"skipped":"COM1 не найден в EnumDevices. Видно: []"}],"readyDevices":[],"skippedPorts":{"COM1":"COM1 не найден в EnumDevices. Видно: []"},"channelOrder":"","configuredChannelOrder":"COM1:1, COM1:2","usage":{"post":"POST /api/com/light","bodyOn":{"state":"on","brightness":"100"},"bodyOff":{"state":"off"},"note":"brightness применяется только к подключённым COM (readyDevices)"}}
2026-07-13 10:30:22.253 [Information] LightServer.Services.ComLightIsolatedBank: IsolatedBank: EnumDevices count=0, map=[]
2026-07-13 10:30:22.253 [Warning] LightServer.Services.ComLightIsolatedBank: IsolatedBank: пропуск COM1: COM1 не найден в EnumDevices. Видно: []
2026-07-13 10:30:22.254 [Error] LightServer.Services.ComLightIsolatedBank: IsolatedBank: COM1 не найден в EnumDevices. Видно: []
2026-07-13 10:30:22.254 [Error] LightServer.Services.ComLightBankService: ComLightBank: инициализация не удалась: COM1 не найден в EnumDevices. Видно: []
2026-07-13 10:30:22.254 [Information] LightServer.Logging.HttpExchangeLoggingMiddleware: HTTP GET /api/com/light => 200
  >> Request: (empty)
  << Response: {"initialized":false,"partial":false,"configPath":"D:\\visionGay\\defect-detector-v3\\config\\blocks\\51-light-hardware.yaml","loadedFromYaml":true,"devices":[{"id":"com1","comPort":"COM1","channels":[1,2],"ready":false,"skipped":"COM1 не найден в EnumDevices. Видно: []"}],"readyDevices":[],"skippedPorts":{"COM1":"COM1 не найден в EnumDevices. Видно: []"},"channelOrder":"","configuredChannelOrder":"COM1:1, COM1:2","usage":{"post":"POST /api/com/light","bodyOn":{"state":"on","brightness":"100"},"bodyOff":{"state":"off"},"note":"brightness применяется только к подключённым COM (readyDevices)"}}
2026-07-13 10:30:22.678 [Information] LightServer.Services.ComLightIsolatedBank: IsolatedBank: EnumDevices count=0, map=[]
2026-07-13 10:30:22.678 [Warning] LightServer.Services.ComLightIsolatedBank: IsolatedBank: пропуск COM1: COM1 не найден в EnumDevices. Видно: []
2026-07-13 10:30:22.678 [Error] LightServer.Services.ComLightIsolatedBank: IsolatedBank: COM1 не найден в EnumDevices. Видно: []
2026-07-13 10:30:22.679 [Error] LightServer.Services.ComLightBankService: ComLightBank: инициализация не удалась: COM1 не найден в EnumDevices. Видно: []
2026-07-13 10:30:22.679 [Information] LightServer.Logging.HttpExchangeLoggingMiddleware: HTTP GET /api/com/light => 200
  >> Request: (empty)
  << Response: {"initialized":false,"partial":false,"configPath":"D:\\visionGay\\defect-detector-v3\\config\\blocks\\51-light-hardware.yaml","loadedFromYaml":true,"devices":[{"id":"com1","comPort":"COM1","channels":[1,2],"ready":false,"skipped":"COM1 не найден в EnumDevices. Видно: []"}],"readyDevices":[],"skippedPorts":{"COM1":"COM1 не найден в EnumDevices. Видно: []"},"channelOrder":"","configuredChannelOrder":"COM1:1, COM1:2","usage":{"post":"POST /api/com/light","bodyOn":{"state":"on","brightness":"100"},"bodyOff":{"state":"off"},"note":"brightness применяется только к подключённым COM (readyDevices)"}}
2026-07-13 10:30:23.100 [Information] LightServer.Services.ComLightIsolatedBank: IsolatedBank: EnumDevices count=0, map=[]
2026-07-13 10:30:23.100 [Warning] LightServer.Services.ComLightIsolatedBank: IsolatedBank: пропуск COM1: COM1 не найден в EnumDevices. Видно: []
2026-07-13 10:30:23.100 [Error] LightServer.Services.ComLightIsolatedBank: IsolatedBank: COM1 не найден в EnumDevices. Видно: []
2026-07-13 10:30:23.100 [Error] LightServer.Services.ComLightBankService: ComLightBank: инициализация не удалась: COM1 не найден в EnumDevices. Видно: []
2026-07-13 10:30:23.101 [Information] LightServer.Logging.HttpExchangeLoggingMiddleware: HTTP GET /api/com/light => 200
  >> Request: (empty)
  << Response: {"initialized":false,"partial":false,"configPath":"D:\\visionGay\\defect-detector-v3\\config\\blocks\\51-light-hardware.yaml","loadedFromYaml":true,"devices":[{"id":"com1","comPort":"COM1","channels":[1,2],"ready":false,"skipped":"COM1 не найден в EnumDevices. Видно: []"}],"readyDevices":[],"skippedPorts":{"COM1":"COM1 не найден в EnumDevices. Видно: []"},"channelOrder":"","configuredChannelOrder":"COM1:1, COM1:2","usage":{"post":"POST /api/com/light","bodyOn":{"state":"on","brightness":"100"},"bodyOff":{"state":"off"},"note":"brightness применяется только к подключённым COM (readyDevices)"}}
2026-07-13 10:30:23.524 [Information] LightServer.Services.ComLightIsolatedBank: IsolatedBank: EnumDevices count=0, map=[]
2026-07-13 10:30:23.524 [Warning] LightServer.Services.ComLightIsolatedBank: IsolatedBank: пропуск COM1: COM1 не найден в EnumDevices. Видно: []
2026-07-13 10:30:23.524 [Error] LightServer.Services.ComLightIsolatedBank: IsolatedBank: COM1 не найден в EnumDevices. Видно: []
2026-07-13 10:30:23.524 [Error] LightServer.Services.ComLightBankService: ComLightBank: инициализация не удалась: COM1 не найден в EnumDevices. Видно: []
2026-07-13 10:30:23.524 [Information] LightServer.Logging.HttpExchangeLoggingMiddleware: HTTP GET /api/com/light => 200
  >> Request: (empty)
  << Response: {"initialized":false,"partial":false,"configPath":"D:\\visionGay\\defect-detector-v3\\config\\blocks\\51-light-hardware.yaml","loadedFromYaml":true,"devices":[{"id":"com1","comPort":"COM1","channels":[1,2],"ready":false,"skipped":"COM1 не найден в EnumDevices. Видно: []"}],"readyDevices":[],"skippedPorts":{"COM1":"COM1 не найден в EnumDevices. Видно: []"},"channelOrder":"","configuredChannelOrder":"COM1:1, COM1:2","usage":{"post":"POST /api/com/light","bodyOn":{"state":"on","brightness":"100"},"bodyOff":{"state":"off"},"note":"brightness применяется только к подключённым COM (readyDevices)"}}
2026-07-13 10:30:23.947 [Information] LightServer.Services.ComLightIsolatedBank: IsolatedBank: EnumDevices count=0, map=[]
2026-07-13 10:30:23.947 [Warning] LightServer.Services.ComLightIsolatedBank: IsolatedBank: пропуск COM1: COM1 не найден в EnumDevices. Видно: []
2026-07-13 10:30:23.947 [Error] LightServer.Services.ComLightIsolatedBank: IsolatedBank: COM1 не найден в EnumDevices. Видно: []
2026-07-13 10:30:23.947 [Error] LightServer.Services.ComLightBankService: ComLightBank: инициализация не удалась: COM1 не найден в EnumDevices. Видно: []
2026-07-13 10:30:23.947 [Information] LightServer.Logging.HttpExchangeLoggingMiddleware: HTTP GET /api/com/light => 200
  >> Request: (empty)
  << Response: {"initialized":false,"partial":false,"configPath":"D:\\visionGay\\defect-detector-v3\\config\\blocks\\51-light-hardware.yaml","loadedFromYaml":true,"devices":[{"id":"com1","comPort":"COM1","channels":[1,2],"ready":false,"skipped":"COM1 не найден в EnumDevices. Видно: []"}],"readyDevices":[],"skippedPorts":{"COM1":"COM1 не найден в EnumDevices. Видно: []"},"channelOrder":"","configuredChannelOrder":"COM1:1, COM1:2","usage":{"post":"POST /api/com/light","bodyOn":{"state":"on","brightness":"100"},"bodyOff":{"state":"off"},"note":"brightness применяется только к подключённым COM (readyDevices)"}}
2026-07-13 10:30:24.372 [Information] LightServer.Services.ComLightIsolatedBank: IsolatedBank: EnumDevices count=0, map=[]
2026-07-13 10:30:24.372 [Warning] LightServer.Services.ComLightIsolatedBank: IsolatedBank: пропуск COM1: COM1 не найден в EnumDevices. Видно: []
2026-07-13 10:30:24.372 [Error] LightServer.Services.ComLightIsolatedBank: IsolatedBank: COM1 не найден в EnumDevices. Видно: []
2026-07-13 10:30:24.372 [Error] LightServer.Services.ComLightBankService: ComLightBank: инициализация не удалась: COM1 не найден в EnumDevices. Видно: []
2026-07-13 10:30:24.372 [Information] LightServer.Logging.HttpExchangeLoggingMiddleware: HTTP GET /api/com/light => 200
  >> Request: (empty)
  << Response: {"initialized":false,"partial":false,"configPath":"D:\\visionGay\\defect-detector-v3\\config\\blocks\\51-light-hardware.yaml","loadedFromYaml":true,"devices":[{"id":"com1","comPort":"COM1","channels":[1,2],"ready":false,"skipped":"COM1 не найден в EnumDevices. Видно: []"}],"readyDevices":[],"skippedPorts":{"COM1":"COM1 не найден в EnumDevices. Видно: []"},"channelOrder":"","configuredChannelOrder":"COM1:1, COM1:2","usage":{"post":"POST /api/com/light","bodyOn":{"state":"on","brightness":"100"},"bodyOff":{"state":"off"},"note":"brightness применяется только к подключённым COM (readyDevices)"}}
2026-07-13 10:30:24.796 [Information] LightServer.Services.ComLightIsolatedBank: IsolatedBank: EnumDevices count=0, map=[]
2026-07-13 10:30:24.797 [Warning] LightServer.Services.ComLightIsolatedBank: IsolatedBank: пропуск COM1: COM1 не найден в EnumDevices. Видно: []
2026-07-13 10:30:24.797 [Error] LightServer.Services.ComLightIsolatedBank: IsolatedBank: COM1 не найден в EnumDevices. Видно: []
2026-07-13 10:30:24.797 [Error] LightServer.Services.ComLightBankService: ComLightBank: инициализация не удалась: COM1 не найден в EnumDevices. Видно: []
2026-07-13 10:30:24.797 [Information] LightServer.Logging.HttpExchangeLoggingMiddleware: HTTP GET /api/com/light => 200
  >> Request: (empty)
  << Response: {"initialized":false,"partial":false,"configPath":"D:\\visionGay\\defect-detector-v3\\config\\blocks\\51-light-hardware.yaml","loadedFromYaml":true,"devices":[{"id":"com1","comPort":"COM1","channels":[1,2],"ready":false,"skipped":"COM1 не найден в EnumDevices. Видно: []"}],"readyDevices":[],"skippedPorts":{"COM1":"COM1 не найден в EnumDevices. Видно: []"},"channelOrder":"","configuredChannelOrder":"COM1:1, COM1:2","usage":{"post":"POST /api/com/light","bodyOn":{"state":"on","brightness":"100"},"bodyOff":{"state":"off"},"note":"brightness применяется только к подключённым COM (readyDevices)"}}
2026-07-13 10:30:25.215 [Information] LightServer.Services.ComLightIsolatedBank: IsolatedBank: EnumDevices count=0, map=[]
2026-07-13 10:30:25.216 [Warning] LightServer.Services.ComLightIsolatedBank: IsolatedBank: пропуск COM1: COM1 не найден в EnumDevices. Видно: []
2026-07-13 10:30:25.216 [Error] LightServer.Services.ComLightIsolatedBank: IsolatedBank: COM1 не найден в EnumDevices. Видно: []
2026-07-13 10:30:25.216 [Error] LightServer.Services.ComLightBankService: ComLightBank: инициализация не удалась: COM1 не найден в EnumDevices. Видно: []
2026-07-13 10:30:25.216 [Information] LightServer.Logging.HttpExchangeLoggingMiddleware: HTTP GET /api/com/light => 200
  >> Request: (empty)
  << Response: {"initialized":false,"partial":false,"configPath":"D:\\visionGay\\defect-detector-v3\\config\\blocks\\51-light-hardware.yaml","loadedFromYaml":true,"devices":[{"id":"com1","comPort":"COM1","channels":[1,2],"ready":false,"skipped":"COM1 не найден в EnumDevices. Видно: []"}],"readyDevices":[],"skippedPorts":{"COM1":"COM1 не найден в EnumDevices. Видно: []"},"channelOrder":"","configuredChannelOrder":"COM1:1, COM1:2","usage":{"post":"POST /api/com/light","bodyOn":{"state":"on","brightness":"100"},"bodyOff":{"state":"off"},"note":"brightness применяется только к подключённым COM (readyDevices)"}}
2026-07-13 10:30:25.637 [Information] LightServer.Services.ComLightIsolatedBank: IsolatedBank: EnumDevices count=0, map=[]
2026-07-13 10:30:25.637 [Warning] LightServer.Services.ComLightIsolatedBank: IsolatedBank: пропуск COM1: COM1 не найден в EnumDevices. Видно: []
2026-07-13 10:30:25.638 [Error] LightServer.Services.ComLightIsolatedBank: IsolatedBank: COM1 не найден в EnumDevices. Видно: []
2026-07-13 10:30:25.638 [Error] LightServer.Services.ComLightBankService: ComLightBank: инициализация не удалась: COM1 не найден в EnumDevices. Видно: []
2026-07-13 10:30:25.638 [Information] LightServer.Logging.HttpExchangeLoggingMiddleware: HTTP GET /api/com/light => 200
  >> Request: (empty)
  << Response: {"initialized":false,"partial":false,"configPath":"D:\\visionGay\\defect-detector-v3\\config\\blocks\\51-light-hardware.yaml","loadedFromYaml":true,"devices":[{"id":"com1","comPort":"COM1","channels":[1,2],"ready":false,"skipped":"COM1 не найден в EnumDevices. Видно: []"}],"readyDevices":[],"skippedPorts":{"COM1":"COM1 не найден в EnumDevices. Видно: []"},"channelOrder":"","configuredChannelOrder":"COM1:1, COM1:2","usage":{"post":"POST /api/com/light","bodyOn":{"state":"on","brightness":"100"},"bodyOff":{"state":"off"},"note":"brightness применяется только к подключённым COM (readyDevices)"}}
2026-07-13 10:30:26.063 [Information] LightServer.Services.ComLightIsolatedBank: IsolatedBank: EnumDevices count=0, map=[]
2026-07-13 10:30:26.063 [Warning] LightServer.Services.ComLightIsolatedBank: IsolatedBank: пропуск COM1: COM1 не найден в EnumDevices. Видно: []
2026-07-13 10:30:26.064 [Error] LightServer.Services.ComLightIsolatedBank: IsolatedBank: COM1 не найден в EnumDevices. Видно: []
2026-07-13 10:30:26.064 [Error] LightServer.Services.ComLightBankService: ComLightBank: инициализация не удалась: COM1 не найден в EnumDevices. Видно: []
2026-07-13 10:30:26.064 [Information] LightServer.Logging.HttpExchangeLoggingMiddleware: HTTP GET /api/com/light => 200
  >> Request: (empty)
  << Response: {"initialized":false,"partial":false,"configPath":"D:\\visionGay\\defect-detector-v3\\config\\blocks\\51-light-hardware.yaml","loadedFromYaml":true,"devices":[{"id":"com1","comPort":"COM1","channels":[1,2],"ready":false,"skipped":"COM1 не найден в EnumDevices. Видно: []"}],"readyDevices":[],"skippedPorts":{"COM1":"COM1 не найден в EnumDevices. Видно: []"},"channelOrder":"","configuredChannelOrder":"COM1:1, COM1:2","usage":{"post":"POST /api/com/light","bodyOn":{"state":"on","brightness":"100"},"bodyOff":{"state":"off"},"note":"brightness применяется только к подключённым COM (readyDevices)"}}
2026-07-13 10:30:26.487 [Information] LightServer.Services.ComLightIsolatedBank: IsolatedBank: EnumDevices count=0, map=[]
2026-07-13 10:30:26.487 [Warning] LightServer.Services.ComLightIsolatedBank: IsolatedBank: пропуск COM1: COM1 не найден в EnumDevices. Видно: []
2026-07-13 10:30:26.487 [Error] LightServer.Services.ComLightIsolatedBank: IsolatedBank: COM1 не найден в EnumDevices. Видно: []
2026-07-13 10:30:26.487 [Error] LightServer.Services.ComLightBankService: ComLightBank: инициализация не удалась: COM1 не найден в EnumDevices. Видно: []
2026-07-13 10:30:26.487 [Information] LightServer.Logging.HttpExchangeLoggingMiddleware: HTTP GET /api/com/light => 200
  >> Request: (empty)
  << Response: {"initialized":false,"partial":false,"configPath":"D:\\visionGay\\defect-detector-v3\\config\\blocks\\51-light-hardware.yaml","loadedFromYaml":true,"devices":[{"id":"com1","comPort":"COM1","channels":[1,2],"ready":false,"skipped":"COM1 не найден в EnumDevices. Видно: []"}],"readyDevices":[],"skippedPorts":{"COM1":"COM1 не найден в EnumDevices. Видно: []"},"channelOrder":"","configuredChannelOrder":"COM1:1, COM1:2","usage":{"post":"POST /api/com/light","bodyOn":{"state":"on","brightness":"100"},"bodyOff":{"state":"off"},"note":"brightness применяется только к подключённым COM (readyDevices)"}}
2026-07-13 10:30:26.908 [Information] LightServer.Services.ComLightIsolatedBank: IsolatedBank: EnumDevices count=0, map=[]
2026-07-13 10:30:26.908 [Warning] LightServer.Services.ComLightIsolatedBank: IsolatedBank: пропуск COM1: COM1 не найден в EnumDevices. Видно: []
2026-07-13 10:30:26.908 [Error] LightServer.Services.ComLightIsolatedBank: IsolatedBank: COM1 не найден в EnumDevices. Видно: []
2026-07-13 10:30:26.908 [Error] LightServer.Services.ComLightBankService: ComLightBank: инициализация не удалась: COM1 не найден в EnumDevices. Видно: []
2026-07-13 10:30:26.908 [Information] LightServer.Logging.HttpExchangeLoggingMiddleware: HTTP GET /api/com/light => 200
  >> Request: (empty)
  << Response: {"initialized":false,"partial":false,"configPath":"D:\\visionGay\\defect-detector-v3\\config\\blocks\\51-light-hardware.yaml","loadedFromYaml":true,"devices":[{"id":"com1","comPort":"COM1","channels":[1,2],"ready":false,"skipped":"COM1 не найден в EnumDevices. Видно: []"}],"readyDevices":[],"skippedPorts":{"COM1":"COM1 не найден в EnumDevices. Видно: []"},"channelOrder":"","configuredChannelOrder":"COM1:1, COM1:2","usage":{"post":"POST /api/com/light","bodyOn":{"state":"on","brightness":"100"},"bodyOff":{"state":"off"},"note":"brightness применяется только к подключённым COM (readyDevices)"}}
2026-07-13 10:30:27.333 [Information] LightServer.Services.ComLightIsolatedBank: IsolatedBank: EnumDevices count=0, map=[]
2026-07-13 10:30:27.333 [Warning] LightServer.Services.ComLightIsolatedBank: IsolatedBank: пропуск COM1: COM1 не найден в EnumDevices. Видно: []
2026-07-13 10:30:27.333 [Error] LightServer.Services.ComLightIsolatedBank: IsolatedBank: COM1 не найден в EnumDevices. Видно: []
2026-07-13 10:30:27.333 [Error] LightServer.Services.ComLightBankService: ComLightBank: инициализация не удалась: COM1 не найден в EnumDevices. Видно: []
2026-07-13 10:30:27.333 [Information] LightServer.Logging.HttpExchangeLoggingMiddleware: HTTP GET /api/com/light => 200
  >> Request: (empty)
  << Response: {"initialized":false,"partial":false,"configPath":"D:\\visionGay\\defect-detector-v3\\config\\blocks\\51-light-hardware.yaml","loadedFromYaml":true,"devices":[{"id":"com1","comPort":"COM1","channels":[1,2],"ready":false,"skipped":"COM1 не найден в EnumDevices. Видно: []"}],"readyDevices":[],"skippedPorts":{"COM1":"COM1 не найден в EnumDevices. Видно: []"},"channelOrder":"","configuredChannelOrder":"COM1:1, COM1:2","usage":{"post":"POST /api/com/light","bodyOn":{"state":"on","brightness":"100"},"bodyOff":{"state":"off"},"note":"brightness применяется только к подключённым COM (readyDevices)"}}
2026-07-13 10:30:27.756 [Information] LightServer.Services.ComLightIsolatedBank: IsolatedBank: EnumDevices count=0, map=[]
2026-07-13 10:30:27.756 [Warning] LightServer.Services.ComLightIsolatedBank: IsolatedBank: пропуск COM1: COM1 не найден в EnumDevices. Видно: []
2026-07-13 10:30:27.756 [Error] LightServer.Services.ComLightIsolatedBank: IsolatedBank: COM1 не найден в EnumDevices. Видно: []
2026-07-13 10:30:27.756 [Error] LightServer.Services.ComLightBankService: ComLightBank: инициализация не удалась: COM1 не найден в EnumDevices. Видно: []
2026-07-13 10:30:27.756 [Information] LightServer.Logging.HttpExchangeLoggingMiddleware: HTTP GET /api/com/light => 200
  >> Request: (empty)
  << Response: {"initialized":false,"partial":false,"configPath":"D:\\visionGay\\defect-detector-v3\\config\\blocks\\51-light-hardware.yaml","loadedFromYaml":true,"devices":[{"id":"com1","comPort":"COM1","channels":[1,2],"ready":false,"skipped":"COM1 не найден в EnumDevices. Видно: []"}],"readyDevices":[],"skippedPorts":{"COM1":"COM1 не найден в EnumDevices. Видно: []"},"channelOrder":"","configuredChannelOrder":"COM1:1, COM1:2","usage":{"post":"POST /api/com/light","bodyOn":{"state":"on","brightness":"100"},"bodyOff":{"state":"off"},"note":"brightness применяется только к подключённым COM (readyDevices)"}}
2026-07-13 10:30:28.181 [Information] LightServer.Services.ComLightIsolatedBank: IsolatedBank: EnumDevices count=0, map=[]
2026-07-13 10:30:28.182 [Warning] LightServer.Services.ComLightIsolatedBank: IsolatedBank: пропуск COM1: COM1 не найден в EnumDevices. Видно: []
2026-07-13 10:30:28.182 [Error] LightServer.Services.ComLightIsolatedBank: IsolatedBank: COM1 не найден в EnumDevices. Видно: []
2026-07-13 10:30:28.182 [Error] LightServer.Services.ComLightBankService: ComLightBank: инициализация не удалась: COM1 не найден в EnumDevices. Видно: []
2026-07-13 10:30:28.182 [Information] LightServer.Logging.HttpExchangeLoggingMiddleware: HTTP GET /api/com/light => 200
  >> Request: (empty)
  << Response: {"initialized":false,"partial":false,"configPath":"D:\\visionGay\\defect-detector-v3\\config\\blocks\\51-light-hardware.yaml","loadedFromYaml":true,"devices":[{"id":"com1","comPort":"COM1","channels":[1,2],"ready":false,"skipped":"COM1 не найден в EnumDevices. Видно: []"}],"readyDevices":[],"skippedPorts":{"COM1":"COM1 не найден в EnumDevices. Видно: []"},"channelOrder":"","configuredChannelOrder":"COM1:1, COM1:2","usage":{"post":"POST /api/com/light","bodyOn":{"state":"on","brightness":"100"},"bodyOff":{"state":"off"},"note":"brightness применяется только к подключённым COM (readyDevices)"}}
2026-07-13 10:30:28.605 [Information] LightServer.Services.ComLightIsolatedBank: IsolatedBank: EnumDevices count=0, map=[]
2026-07-13 10:30:28.605 [Warning] LightServer.Services.ComLightIsolatedBank: IsolatedBank: пропуск COM1: COM1 не найден в EnumDevices. Видно: []
2026-07-13 10:30:28.606 [Error] LightServer.Services.ComLightIsolatedBank: IsolatedBank: COM1 не найден в EnumDevices. Видно: []
2026-07-13 10:30:28.606 [Error] LightServer.Services.ComLightBankService: ComLightBank: инициализация не удалась: COM1 не найден в EnumDevices. Видно: []
2026-07-13 10:30:28.606 [Information] LightServer.Logging.HttpExchangeLoggingMiddleware: HTTP GET /api/com/light => 200
  >> Request: (empty)
  << Response: {"initialized":false,"partial":false,"configPath":"D:\\visionGay\\defect-detector-v3\\config\\blocks\\51-light-hardware.yaml","loadedFromYaml":true,"devices":[{"id":"com1","comPort":"COM1","channels":[1,2],"ready":false,"skipped":"COM1 не найден в EnumDevices. Видно: []"}],"readyDevices":[],"skippedPorts":{"COM1":"COM1 не найден в EnumDevices. Видно: []"},"channelOrder":"","configuredChannelOrder":"COM1:1, COM1:2","usage":{"post":"POST /api/com/light","bodyOn":{"state":"on","brightness":"100"},"bodyOff":{"state":"off"},"note":"brightness применяется только к подключённым COM (readyDevices)"}}
2026-07-13 10:30:29.027 [Information] LightServer.Services.ComLightIsolatedBank: IsolatedBank: EnumDevices count=0, map=[]
2026-07-13 10:30:29.027 [Warning] LightServer.Services.ComLightIsolatedBank: IsolatedBank: пропуск COM1: COM1 не найден в EnumDevices. Видно: []
2026-07-13 10:30:29.027 [Error] LightServer.Services.ComLightIsolatedBank: IsolatedBank: COM1 не найден в EnumDevices. Видно: []
2026-07-13 10:30:29.028 [Error] LightServer.Services.ComLightBankService: ComLightBank: инициализация не удалась: COM1 не найден в EnumDevices. Видно: []
2026-07-13 10:30:29.028 [Information] LightServer.Logging.HttpExchangeLoggingMiddleware: HTTP GET /api/com/light => 200
  >> Request: (empty)
  << Response: {"initialized":false,"partial":false,"configPath":"D:\\visionGay\\defect-detector-v3\\config\\blocks\\51-light-hardware.yaml","loadedFromYaml":true,"devices":[{"id":"com1","comPort":"COM1","channels":[1,2],"ready":false,"skipped":"COM1 не найден в EnumDevices. Видно: []"}],"readyDevices":[],"skippedPorts":{"COM1":"COM1 не найден в EnumDevices. Видно: []"},"channelOrder":"","configuredChannelOrder":"COM1:1, COM1:2","usage":{"post":"POST /api/com/light","bodyOn":{"state":"on","brightness":"100"},"bodyOff":{"state":"off"},"note":"brightness применяется только к подключённым COM (readyDevices)"}}
2026-07-13 10:30:30.190 [Information] LightServer.Logging.HttpExchangeLoggingMiddleware: HTTP POST /api/camera-flash/pair => 200
  >> Request: {"cameraNumber":1,"leftPower":204,"rightPower":204}
  << Response: {"success":true,"cameraNumber":1,"deviceId":"mv-le-1","route":"network","ipAddress":"192.168.1.14","deviceIndex":1,"channels":[1,2],"brightness":[204,204]}
2026-07-13 10:30:31.320 [Information] LightServer.Logging.HttpExchangeLoggingMiddleware: HTTP POST /api/camera-flash/pair => 200
  >> Request: {"cameraNumber":6,"leftPower":204,"rightPower":204}
  << Response: {"success":true,"cameraNumber":6,"deviceId":"mv-le-3","route":"network","ipAddress":"192.168.1.8","deviceIndex":0,"channels":[3,4],"brightness":[204,204]}
2026-07-13 10:30:31.726 [Information] LightServer.Logging.HttpExchangeLoggingMiddleware: HTTP POST /api/camera-flash/single => 400
  >> Request: {"cameraNumber":9,"power":204}
  << Response: {"success":false,"cameraNumber":9,"deviceId":"com1","route":"com","comPort":"COM1","channels":[1],"brightness":[204],"error":"На COM_Port#COM1 ничего не найдено после SetEnumSerialPorts. Закройте MVS Client и повторите."}
2026-07-13 10:30:32.178 [Information] LightServer.Services.ComLightIsolatedBank: IsolatedBank: EnumDevices count=0, map=[]
2026-07-13 10:30:32.178 [Warning] LightServer.Services.ComLightIsolatedBank: IsolatedBank: пропуск COM1: COM1 не найден в EnumDevices. Видно: []
2026-07-13 10:30:32.178 [Error] LightServer.Services.ComLightIsolatedBank: IsolatedBank: COM1 не найден в EnumDevices. Видно: []
2026-07-13 10:30:32.178 [Error] LightServer.Services.ComLightBankService: ComLightBank: инициализация не удалась: COM1 не найден в EnumDevices. Видно: []
2026-07-13 10:30:32.180 [Information] LightServer.Logging.HttpExchangeLoggingMiddleware: HTTP POST /api/com/light => 400
  >> Request: {"state":"off"}
  << Response: {"success":false,"message":null,"error":"COM1 не найден в EnumDevices. Видно: []","state":"off","brightness":null,"results":[]}
2026-07-13 10:30:32.412 [Information] LightServer.Services.ComLightIsolatedBank: IsolatedBank: EnumDevices count=0, map=[]
2026-07-13 10:30:32.412 [Warning] LightServer.Services.ComLightIsolatedBank: IsolatedBank: пропуск COM1: COM1 не найден в EnumDevices. Видно: []
2026-07-13 10:30:32.412 [Error] LightServer.Services.ComLightIsolatedBank: IsolatedBank: COM1 не найден в EnumDevices. Видно: []
2026-07-13 10:30:32.413 [Error] LightServer.Services.ComLightBankService: ComLightBank: инициализация не удалась: COM1 не найден в EnumDevices. Видно: []
2026-07-13 10:30:32.413 [Information] LightServer.Logging.HttpExchangeLoggingMiddleware: HTTP POST /api/com/light => 400
  >> Request: {"state":"off"}
  << Response: {"success":false,"message":null,"error":"COM1 не найден в EnumDevices. Видно: []","state":"off","brightness":null,"results":[]}
2026-07-13 10:30:32.631 [Information] LightServer.Services.ComLightIsolatedBank: IsolatedBank: EnumDevices count=0, map=[]
2026-07-13 10:30:32.632 [Warning] LightServer.Services.ComLightIsolatedBank: IsolatedBank: пропуск COM1: COM1 не найден в EnumDevices. Видно: []
2026-07-13 10:30:32.632 [Error] LightServer.Services.ComLightIsolatedBank: IsolatedBank: COM1 не найден в EnumDevices. Видно: []
2026-07-13 10:30:32.632 [Error] LightServer.Services.ComLightBankService: ComLightBank: инициализация не удалась: COM1 не найден в EnumDevices. Видно: []
2026-07-13 10:30:32.632 [Information] LightServer.Logging.HttpExchangeLoggingMiddleware: HTTP POST /api/com/light => 400
  >> Request: {"state":"off"}
  << Response: {"success":false,"message":null,"error":"COM1 не найден в EnumDevices. Видно: []","state":"off","brightness":null,"results":[]}
2026-07-13 10:30:32.853 [Information] LightServer.Services.ComLightIsolatedBank: IsolatedBank: EnumDevices count=0, map=[]
2026-07-13 10:30:32.853 [Warning] LightServer.Services.ComLightIsolatedBank: IsolatedBank: пропуск COM1: COM1 не найден в EnumDevices. Видно: []
2026-07-13 10:30:32.854 [Error] LightServer.Services.ComLightIsolatedBank: IsolatedBank: COM1 не найден в EnumDevices. Видно: []
2026-07-13 10:30:32.854 [Error] LightServer.Services.ComLightBankService: ComLightBank: инициализация не удалась: COM1 не найден в EnumDevices. Видно: []
2026-07-13 10:30:32.854 [Information] LightServer.Logging.HttpExchangeLoggingMiddleware: HTTP POST /api/com/light => 400
  >> Request: {"state":"off"}
  << Response: {"success":false,"message":null,"error":"COM1 не найден в EnumDevices. Видно: []","state":"off","brightness":null,"results":[]}
2026-07-13 10:30:33.072 [Information] LightServer.Services.ComLightIsolatedBank: IsolatedBank: EnumDevices count=0, map=[]
2026-07-13 10:30:33.073 [Warning] LightServer.Services.ComLightIsolatedBank: IsolatedBank: пропуск COM1: COM1 не найден в EnumDevices. Видно: []
2026-07-13 10:30:33.073 [Error] LightServer.Services.ComLightIsolatedBank: IsolatedBank: COM1 не найден в EnumDevices. Видно: []
2026-07-13 10:30:33.073 [Error] LightServer.Services.ComLightBankService: ComLightBank: инициализация не удалась: COM1 не найден в EnumDevices. Видно: []
2026-07-13 10:30:33.073 [Information] LightServer.Logging.HttpExchangeLoggingMiddleware: HTTP POST /api/com/light => 400
  >> Request: {"state":"off"}
  << Response: {"success":false,"message":null,"error":"COM1 не найден в EnumDevices. Видно: []","state":"off","brightness":null,"results":[]}
2026-07-13 10:30:33.293 [Information] LightServer.Services.ComLightIsolatedBank: IsolatedBank: EnumDevices count=0, map=[]
2026-07-13 10:30:33.293 [Warning] LightServer.Services.ComLightIsolatedBank: IsolatedBank: пропуск COM1: COM1 не найден в EnumDevices. Видно: []
2026-07-13 10:30:33.293 [Error] LightServer.Services.ComLightIsolatedBank: IsolatedBank: COM1 не найден в EnumDevices. Видно: []
2026-07-13 10:30:33.293 [Error] LightServer.Services.ComLightBankService: ComLightBank: инициализация не удалась: COM1 не найден в EnumDevices. Видно: []
2026-07-13 10:30:33.293 [Information] LightServer.Logging.HttpExchangeLoggingMiddleware: HTTP POST /api/com/light => 400
  >> Request: {"state":"off"}
  << Response: {"success":false,"message":null,"error":"COM1 не найден в EnumDevices. Видно: []","state":"off","brightness":null,"results":[]}
2026-07-13 10:30:33.512 [Information] LightServer.Services.ComLightIsolatedBank: IsolatedBank: EnumDevices count=0, map=[]
2026-07-13 10:30:33.512 [Warning] LightServer.Services.ComLightIsolatedBank: IsolatedBank: пропуск COM1: COM1 не найден в EnumDevices. Видно: []
2026-07-13 10:30:33.512 [Error] LightServer.Services.ComLightIsolatedBank: IsolatedBank: COM1 не найден в EnumDevices. Видно: []
2026-07-13 10:30:33.513 [Error] LightServer.Services.ComLightBankService: ComLightBank: инициализация не удалась: COM1 не найден в EnumDevices. Видно: []
2026-07-13 10:30:33.513 [Information] LightServer.Logging.HttpExchangeLoggingMiddleware: HTTP POST /api/com/light => 400
  >> Request: {"state":"off"}
  << Response: {"success":false,"message":null,"error":"COM1 не найден в EnumDevices. Видно: []","state":"off","brightness":null,"results":[]}
2026-07-13 10:30:33.732 [Information] LightServer.Services.ComLightIsolatedBank: IsolatedBank: EnumDevices count=0, map=[]
2026-07-13 10:30:33.733 [Warning] LightServer.Services.ComLightIsolatedBank: IsolatedBank: пропуск COM1: COM1 не найден в EnumDevices. Видно: []
2026-07-13 10:30:33.733 [Error] LightServer.Services.ComLightIsolatedBank: IsolatedBank: COM1 не найден в EnumDevices. Видно: []
2026-07-13 10:30:33.733 [Error] LightServer.Services.ComLightBankService: ComLightBank: инициализация не удалась: COM1 не найден в EnumDevices. Видно: []
2026-07-13 10:30:33.733 [Information] LightServer.Logging.HttpExchangeLoggingMiddleware: HTTP POST /api/com/light => 400
  >> Request: {"state":"off"}
  << Response: {"success":false,"message":null,"error":"COM1 не найден в EnumDevices. Видно: []","state":"off","brightness":null,"results":[]}
2026-07-13 10:30:33.952 [Information] LightServer.Services.ComLightIsolatedBank: IsolatedBank: EnumDevices count=0, map=[]
2026-07-13 10:30:33.952 [Warning] LightServer.Services.ComLightIsolatedBank: IsolatedBank: пропуск COM1: COM1 не найден в EnumDevices. Видно: []
2026-07-13 10:30:33.952 [Error] LightServer.Services.ComLightIsolatedBank: IsolatedBank: COM1 не найден в EnumDevices. Видно: []
2026-07-13 10:30:33.952 [Error] LightServer.Services.ComLightBankService: ComLightBank: инициализация не удалась: COM1 не найден в EnumDevices. Видно: []
2026-07-13 10:30:33.952 [Information] LightServer.Logging.HttpExchangeLoggingMiddleware: HTTP POST /api/com/light => 400
  >> Request: {"state":"off"}
  << Response: {"success":false,"message":null,"error":"COM1 не найден в EnumDevices. Видно: []","state":"off","brightness":null,"results":[]}
2026-07-13 10:30:34.173 [Information] LightServer.Services.ComLightIsolatedBank: IsolatedBank: EnumDevices count=0, map=[]
2026-07-13 10:30:34.174 [Warning] LightServer.Services.ComLightIsolatedBank: IsolatedBank: пропуск COM1: COM1 не найден в EnumDevices. Видно: []
2026-07-13 10:30:34.174 [Error] LightServer.Services.ComLightIsolatedBank: IsolatedBank: COM1 не найден в EnumDevices. Видно: []
2026-07-13 10:30:34.174 [Error] LightServer.Services.ComLightBankService: ComLightBank: инициализация не удалась: COM1 не найден в EnumDevices. Видно: []
2026-07-13 10:30:34.174 [Information] LightServer.Logging.HttpExchangeLoggingMiddleware: HTTP POST /api/com/light => 400
  >> Request: {"state":"off"}
  << Response: {"success":false,"message":null,"error":"COM1 не найден в EnumDevices. Видно: []","state":"off","brightness":null,"results":[]}
2026-07-13 10:30:34.189 [Information] LightServer.Services.ComLightIsolatedBank: IsolatedBank: EnumDevices count=0, map=[]
2026-07-13 10:30:34.190 [Warning] LightServer.Services.ComLightIsolatedBank: IsolatedBank: пропуск COM1: COM1 не найден в EnumDevices. Видно: []
2026-07-13 10:30:34.190 [Error] LightServer.Services.ComLightIsolatedBank: IsolatedBank: COM1 не найден в EnumDevices. Видно: []
2026-07-13 10:30:34.190 [Error] LightServer.Services.ComLightBankService: ComLightBank: инициализация не удалась: COM1 не найден в EnumDevices. Видно: []
2026-07-13 10:30:34.190 [Information] LightServer.Logging.HttpExchangeLoggingMiddleware: HTTP POST /api/com/light => 400
  >> Request: {"state":"off"}
  << Response: {"success":false,"message":null,"error":"COM1 не найден в EnumDevices. Видно: []","state":"off","brightness":null,"results":[]}
2026-07-13 10:30:34.409 [Information] LightServer.Services.ComLightIsolatedBank: IsolatedBank: EnumDevices count=0, map=[]
2026-07-13 10:30:34.409 [Warning] LightServer.Services.ComLightIsolatedBank: IsolatedBank: пропуск COM1: COM1 не найден в EnumDevices. Видно: []
2026-07-13 10:30:34.409 [Error] LightServer.Services.ComLightIsolatedBank: IsolatedBank: COM1 не найден в EnumDevices. Видно: []
2026-07-13 10:30:34.409 [Error] LightServer.Services.ComLightBankService: ComLightBank: инициализация не удалась: COM1 не найден в EnumDevices. Видно: []
2026-07-13 10:30:34.409 [Information] LightServer.Logging.HttpExchangeLoggingMiddleware: HTTP POST /api/com/light => 400
  >> Request: {"state":"off"}
  << Response: {"success":false,"message":null,"error":"COM1 не найден в EnumDevices. Видно: []","state":"off","brightness":null,"results":[]}
2026-07-13 10:30:34.629 [Information] LightServer.Services.ComLightIsolatedBank: IsolatedBank: EnumDevices count=0, map=[]
2026-07-13 10:30:34.629 [Warning] LightServer.Services.ComLightIsolatedBank: IsolatedBank: пропуск COM1: COM1 не найден в EnumDevices. Видно: []
2026-07-13 10:30:34.630 [Error] LightServer.Services.ComLightIsolatedBank: IsolatedBank: COM1 не найден в EnumDevices. Видно: []
2026-07-13 10:30:34.630 [Error] LightServer.Services.ComLightBankService: ComLightBank: инициализация не удалась: COM1 не найден в EnumDevices. Видно: []
2026-07-13 10:30:34.630 [Information] LightServer.Logging.HttpExchangeLoggingMiddleware: HTTP POST /api/com/light => 400
  >> Request: {"state":"off"}
  << Response: {"success":false,"message":null,"error":"COM1 не найден в EnumDevices. Видно: []","state":"off","brightness":null,"results":[]}
2026-07-13 10:30:34.863 [Information] LightServer.Services.ComLightIsolatedBank: IsolatedBank: EnumDevices count=0, map=[]
2026-07-13 10:30:34.863 [Warning] LightServer.Services.ComLightIsolatedBank: IsolatedBank: пропуск COM1: COM1 не найден в EnumDevices. Видно: []
2026-07-13 10:30:34.863 [Error] LightServer.Services.ComLightIsolatedBank: IsolatedBank: COM1 не найден в EnumDevices. Видно: []
2026-07-13 10:30:34.863 [Error] LightServer.Services.ComLightBankService: ComLightBank: инициализация не удалась: COM1 не найден в EnumDevices. Видно: []
2026-07-13 10:30:34.863 [Information] LightServer.Logging.HttpExchangeLoggingMiddleware: HTTP POST /api/com/light => 400
  >> Request: {"state":"off"}
  << Response: {"success":false,"message":null,"error":"COM1 не найден в EnumDevices. Видно: []","state":"off","brightness":null,"results":[]}
2026-07-13 10:30:35.084 [Information] LightServer.Services.ComLightIsolatedBank: IsolatedBank: EnumDevices count=0, map=[]
2026-07-13 10:30:35.084 [Warning] LightServer.Services.ComLightIsolatedBank: IsolatedBank: пропуск COM1: COM1 не найден в EnumDevices. Видно: []
2026-07-13 10:30:35.084 [Error] LightServer.Services.ComLightIsolatedBank: IsolatedBank: COM1 не найден в EnumDevices. Видно: []
2026-07-13 10:30:35.084 [Error] LightServer.Services.ComLightBankService: ComLightBank: инициализация не удалась: COM1 не найден в EnumDevices. Видно: []
2026-07-13 10:30:35.084 [Information] LightServer.Logging.HttpExchangeLoggingMiddleware: HTTP POST /api/com/light => 400
  >> Request: {"state":"off"}
  << Response: {"success":false,"message":null,"error":"COM1 не найден в EnumDevices. Видно: []","state":"off","brightness":null,"results":[]}
2026-07-13 10:30:35.303 [Information] LightServer.Services.ComLightIsolatedBank: IsolatedBank: EnumDevices count=0, map=[]
2026-07-13 10:30:35.304 [Warning] LightServer.Services.ComLightIsolatedBank: IsolatedBank: пропуск COM1: COM1 не найден в EnumDevices. Видно: []
2026-07-13 10:30:35.304 [Error] LightServer.Services.ComLightIsolatedBank: IsolatedBank: COM1 не найден в EnumDevices. Видно: []
2026-07-13 10:30:35.304 [Error] LightServer.Services.ComLightBankService: ComLightBank: инициализация не удалась: COM1 не найден в EnumDevices. Видно: []
2026-07-13 10:30:35.304 [Information] LightServer.Logging.HttpExchangeLoggingMiddleware: HTTP POST /api/com/light => 400
  >> Request: {"state":"off"}
  << Response: {"success":false,"message":null,"error":"COM1 не найден в EnumDevices. Видно: []","state":"off","brightness":null,"results":[]}
2026-07-13 10:30:35.523 [Information] LightServer.Services.ComLightIsolatedBank: IsolatedBank: EnumDevices count=0, map=[]
2026-07-13 10:30:35.523 [Warning] LightServer.Services.ComLightIsolatedBank: IsolatedBank: пропуск COM1: COM1 не найден в EnumDevices. Видно: []
2026-07-13 10:30:35.523 [Error] LightServer.Services.ComLightIsolatedBank: IsolatedBank: COM1 не найден в EnumDevices. Видно: []
2026-07-13 10:30:35.523 [Error] LightServer.Services.ComLightBankService: ComLightBank: инициализация не удалась: COM1 не найден в EnumDevices. Видно: []
2026-07-13 10:30:35.523 [Information] LightServer.Logging.HttpExchangeLoggingMiddleware: HTTP POST /api/com/light => 400
  >> Request: {"state":"off"}
  << Response: {"success":false,"message":null,"error":"COM1 не найден в EnumDevices. Видно: []","state":"off","brightness":null,"results":[]}
2026-07-13 10:30:35.743 [Information] LightServer.Services.ComLightIsolatedBank: IsolatedBank: EnumDevices count=0, map=[]
2026-07-13 10:30:35.744 [Warning] LightServer.Services.ComLightIsolatedBank: IsolatedBank: пропуск COM1: COM1 не найден в EnumDevices. Видно: []
2026-07-13 10:30:35.744 [Error] LightServer.Services.ComLightIsolatedBank: IsolatedBank: COM1 не найден в EnumDevices. Видно: []
2026-07-13 10:30:35.744 [Error] LightServer.Services.ComLightBankService: ComLightBank: инициализация не удалась: COM1 не найден в EnumDevices. Видно: []
2026-07-13 10:30:35.744 [Information] LightServer.Logging.HttpExchangeLoggingMiddleware: HTTP POST /api/com/light => 400
  >> Request: {"state":"off"}
  << Response: {"success":false,"message":null,"error":"COM1 не найден в EnumDevices. Видно: []","state":"off","brightness":null,"results":[]}
2026-07-13 10:30:35.964 [Information] LightServer.Services.ComLightIsolatedBank: IsolatedBank: EnumDevices count=0, map=[]
2026-07-13 10:30:35.964 [Warning] LightServer.Services.ComLightIsolatedBank: IsolatedBank: пропуск COM1: COM1 не найден в EnumDevices. Видно: []
2026-07-13 10:30:35.964 [Error] LightServer.Services.ComLightIsolatedBank: IsolatedBank: COM1 не найден в EnumDevices. Видно: []
2026-07-13 10:30:35.964 [Error] LightServer.Services.ComLightBankService: ComLightBank: инициализация не удалась: COM1 не найден в EnumDevices. Видно: []
2026-07-13 10:30:35.964 [Information] LightServer.Logging.HttpExchangeLoggingMiddleware: HTTP POST /api/com/light => 400
  >> Request: {"state":"off"}
  << Response: {"success":false,"message":null,"error":"COM1 не найден в EnumDevices. Видно: []","state":"off","brightness":null,"results":[]}
2026-07-13 10:30:36.185 [Information] LightServer.Services.ComLightIsolatedBank: IsolatedBank: EnumDevices count=0, map=[]
2026-07-13 10:30:36.185 [Warning] LightServer.Services.ComLightIsolatedBank: IsolatedBank: пропуск COM1: COM1 не найден в EnumDevices. Видно: []
2026-07-13 10:30:36.185 [Error] LightServer.Services.ComLightIsolatedBank: IsolatedBank: COM1 не найден в EnumDevices. Видно: []
2026-07-13 10:30:36.185 [Error] LightServer.Services.ComLightBankService: ComLightBank: инициализация не удалась: COM1 не найден в EnumDevices. Видно: []
2026-07-13 10:30:36.186 [Information] LightServer.Logging.HttpExchangeLoggingMiddleware: HTTP POST /api/com/light => 400
  >> Request: {"state":"off"}
  << Response: {"success":false,"message":null,"error":"COM1 не найден в EnumDevices. Видно: []","state":"off","brightness":null,"results":[]}
2026-07-13 10:32:56.956 [Information] Microsoft.Hosting.Lifetime: Application is shutting down...
